Time(ms)(s),Heading(°),WindDir(°),RelWind(°),WindSpd(mph),Lat,Lon,GpsStat,GpsSpeed,GpsCourse,Rudder(°),Sail(°),TargetSail(°),Status,DistanceToTarget(m)
104810,5.9,32.0,26.1,2.88,52.483943,-1.88929,7,0.0,287.45,45.0,0.0,0.0,OK,47.88941305146121
105838,17.0,0.0,343.0,2.88,52.48394,-1.889278,7,3.33,107.68,45.0,0.0,0.0,OK,48.42079704394574
106866,10.1,0.0,349.9,2.88,52.483943,-1.889267,7,3.2,134.84,45.0,0.0,0.0,OK,49.2326821212487
107919,21.3,0.0,338.7,2.88,52.483947,-1.889253,7,3.85,134.68,45.0,0.0,0.0,OK,50.276248148938514
108952,20.1,346.0,325.9,2.88,52.483943,-1.889245,7,3.44,151.15,45.0,0.0,0.0,OK,50.52905584980905
109982,42.3,345.0,302.7,2.88,52.483947,-1.88924,7,2.61,150.07,45.0,26.0,26.0,OK,51.0416997682346
111030,40.1,344.0,303.9,3.36,52.483947,-1.889235,7,2.06,154.67,45.0,24.0,24.0,OK,51.33708468375279
112063,39.8,342.0,302.2,3.36,52.483951,-1.88923,7,1.8,151.13,45.0,26.0,26.0,OK,51.84997676254784
113132,40.0,341.0,301.0,3.36,52.483951,-1.889225,7,0.0,162.32,45.0,28.0,28.0,OK,52.14517986054725
114168,47.4,339.0,291.6,3.36,52.483951,-1.889215,7,0.0,163.8,45.0,48.0,48.0,OK,52.73714997374187
115205,65.5,333.0,267.5,2.4,52.483951,-1.889202,7,2.5,161.57,135.0,96.0,96.0,OK,53.509731896570756
116239,62.9,328.0,265.1,2.4,52.483947,-1.889202,7,2.26,183.41,135.0,100.0,100.0,OK,53.29951237105789
117285,59.9,320.0,260.1,2.4,52.483943,-1.8892,7,2.15,191.23,45.0,110.0,110.0,OK,53.21227515267564
118341,59.8,319.0,259.2,2.4,52.48394,-1.8892,7,2.28,221.71,45.0,112.0,112.0,OK,53.0590480533237
119373,53.9,308.0,254.1,2.4,52.483936,-1.889192,7,2.17,172.3,45.0,118.0,122.0,OK,53.34161463938058
120414,50.4,308.0,257.6,2.88,52.483932,-1.889192,7,1.83,173.01,45.0,116.0,116.0,OK,53.14469105119456
121460,41.9,307.0,265.1,2.88,52.483928,-1.889178,7,1.96,126.64,45.0,100.0,100.0,OK,53.807063384909604
122494,44.1,314.0,269.9,2.88,52.483928,-1.889172,7,1.65,133.35,45.0,92.0,92.0,OK,54.17498098863923
123563,92.2,13.0,280.8,2.88,52.483924,-1.889168,7,0.0,127.38,135.0,70.0,70.0,OK,54.23485329603219
124597,110.0,11.0,261.0,2.88,52.483924,-1.889172,6,0.0,158.51,135.0,108.0,108.0,OK,53.98842679271292
125633,62.2,0.0,297.8,2.4,52.483924,-1.889172,6,0.0,141.39,125.0,36.0,36.0,OK,53.98842679271292
126668,55.3,0.0,304.7,2.4,52.483924,-1.889172,7,0.0,141.39,45.0,22.0,22.0,OK,53.98842679271292
127717,62.5,0.0,297.5,2.4,52.483924,-1.889172,7,0.0,141.39,45.0,36.0,36.0,OK,53.98842679271292
128770,60.4,0.0,299.6,2.4,52.483924,-1.889172,7,0.0,141.39,45.0,32.0,32.0,OK,53.98842679271292
129806,54.8,0.0,305.2,2.4,52.483924,-1.889172,7,0.0,141.39,45.0,20.0,20.0,OK,53.98842679271292
130838,49.0,0.0,311.0,1.44,52.483924,-1.889172,7,0.0,141.39,45.0,8.0,8.0,OK,53.98842679271292
131886,48.8,0.0,311.2,1.44,52.483924,-1.889172,7,0.0,141.39,45.0,8.0,8.0,OK,53.98842679271292
132923,63.4,0.0,296.6,1.44,52.483924,-1.889172,7,0.0,141.39,45.0,38.0,38.0,OK,53.98842679271292
133990,59.5,0.0,300.5,1.44,52.483917,-1.88917,7,3.69,186.01,45.0,30.0,30.0,OK,53.793181643371646
135026,47.8,0.0,312.2,1.44,52.483909,-1.889172,7,3.59,183.79,45.0,6.0,6.0,OK,53.316088477700916
136054,37.7,0.0,322.3,1.92,52.483901,-1.889173,7,3.15,174.26,45.0,0.0,0.0,OK,52.91274588385778
137083,33.3,0.0,326.7,1.92,52.483898,-1.889175,7,3.28,178.42,45.0,0.0,0.0,OK,52.66241227224598
138127,45.1,0.0,314.9,1.92,52.483886,-1.889177,7,3.3,173.73,45.0,2.0,2.0,OK,52.05438909607619
139185,84.3,0.0,275.7,1.92,52.483882,-1.889177,7,3.35,176.61,135.0,80.0,80.0,OK,51.90024559045298
140221,102.7,0.0,257.3,2.88,52.483875,-1.88918,7,1.8,196.48,135.0,116.0,116.0,OK,51.44684331543391
141254,109.0,0.0,251.0,2.88,52.483871,-1.889187,7,2.02,224.96,135.0,128.0,128.0,OK,50.853097382923984
142302,82.0,359.0,277.0,2.88,52.483867,-1.889197,7,2.52,223.98,135.0,76.0,76.0,OK,50.06837429115384
143336,64.9,358.0,293.1,2.88,52.48386,-1.889203,7,3.96,204.94,45.0,44.0,44.0,OK,49.43678636726628
144404,61.8,0.0,298.2,2.88,52.483848,-1.88921,7,3.78,203.91,45.0,34.0,34.0,OK,48.584961760087126
145438,57.8,0.0,302.2,2.88,52.48384,-1.889217,7,4.06,198.61,45.0,26.0,26.0,OK,47.87990533607442
146471,62.8,0.0,297.2,2.88,52.483833,-1.889222,6,3.94,202.68,45.0,36.0,36.0,OK,47.34552848684944
147506,102.6,0.0,257.4,2.88,52.483829,-1.889228,7,3.37,210.5,135.0,116.0,116.0,OK,46.838448740956586
148553,112.1,0.0,247.9,2.88,52.483821,-1.889237,7,3.69,230.83,135.0,136.0,136.0,OK,46.02844068038385
149608,116.1,0.0,243.9,2.88,52.483814,-1.889265,7,3.87,234.59,135.0,144.0,144.0,OK,44.002298385643414
150649,92.8,0.0,267.2,2.4,52.483806,-1.88928,7,4.11,241.17,135.0,96.0,96.0,OK,42.81220227473761
151683,75.7,16.0,300.3,2.4,52.483798,-1.889292,7,3.98,230.16,45.0,30.0,30.0,OK,41.830815915755586
152717,74.3,34.0,319.7,2.4,52.483787,-1.8893,7,4.63,201.75,45.0,0.0,0.0,OK,41.06758491177132
153747,89.3,43.0,313.7,2.4,52.483779,-1.889313,7,5.0,198.48,135.0,4.0,4.0,OK,40.05094668478942
154816,127.1,34.0,266.9,2.4,52.483772,-1.88933,7,4.2,223.48,135.0,98.0,98.0,OK,38.795535034478576
155842,137.5,23.0,245.5,3.36,52.483768,-1.889347,7,4.13,227.56,135.0,140.0,140.0,OK,37.593510182362955
156879,122.9,15.0,252.1,3.36,52.483764,-1.889363,7,4.39,242.47,135.0,126.0,126.0,OK,36.46079047729423
157916,87.1,14.0,286.9,3.36,52.483757,-1.889382,7,3.98,244.83,135.0,58.0,58.0,OK,35.09033724133116
158964,81.6,30.0,308.4,3.36,52.483753,-1.8894,7,4.26,218.02,45.0,14.0,14.0,OK,33.83102839228866
160021,83.7,40.0,316.3,3.36,52.483745,-1.889415,7,4.26,222.05,45.0,0.0,0.0,OK,32.73926430527788
161054,121.1,48.0,286.9,3.36,52.483737,-1.889432,7,4.59,224.97,135.0,58.0,58.0,OK,31.53219148564512
162088,131.0,40.0,269.0,3.36,52.483734,-1.88945,7,4.7,243.59,135.0,92.0,92.0,OK,30.298552491913334
163140,106.6,25.0,278.4,3.36,52.48373,-1.889468,7,4.19,238.33,135.0,74.0,74.0,OK,29.063881986795682
164174,97.8,22.0,284.2,3.36,52.483726,-1.889488,7,3.74,261.39,135.0,62.0,62.0,OK,27.699513151507666
165233,112.3,23.0,270.7,3.84,52.483726,-1.889508,7,4.32,260.69,135.0,90.0,90.0,OK,26.34537194677009
166269,126.7,17.0,250.3,3.84,52.483726,-1.88953,7,4.35,255.25,135.0,130.0,130.0,OK,24.855839726931137
167304,140.3,2.0,221.7,3.84,52.483726,-1.88955,7,5.0,249.38,135.0,180.0,180.0,OK,23.501744283751627
168329,139.3,1.0,221.7,3.84,52.483722,-1.889568,7,3.89,257.31,135.0,180.0,180.0,OK,22.278643794478093
169374,135.3,0.0,224.7,3.84,52.483726,-1.889587,7,5.0,311.63,135.0,180.0,180.0,OK,20.99674570452021
170431,123.8,0.0,236.2,3.36,52.48373,-1.889602,7,3.94,265.52,135.0,158.0,158.0,OK,19.996086302051772
171465,126.7,9.0,242.3,3.36,52.48373,-1.889617,7,3.2,251.3,135.0,146.0,146.0,OK,18.98140215120779
172499,130.6,21.0,250.4,3.36,52.48373,-1.889635,7,3.91,254.7,135.0,130.0,130.0,OK,17.763941008903256
173549,146.9,23.0,236.1,3.36,52.48373,-1.889655,7,3.72,274.85,135.0,154.0,158.0,OK,16.411455583857695
174584,171.0,22.0,211.0,3.36,52.483737,-1.88968,7,3.94,273.04,135.0,180.0,180.0,OK,14.788779926863006
175654,179.2,15.0,195.8,3.36,52.483745,-1.88972,7,3.87,306.79,129.86,180.0,180.0,OK,12.255588375480697
176687,177.6,0.0,182.4,3.36,52.483745,-1.889738,7,4.76,278.92,130.02,180.0,180.0,OK,11.066454735556325
177717,174.4,0.0,185.6,3.36,52.483749,-1.889757,7,3.59,288.7,129.7,180.0,180.0,OK,9.94430099795122
178749,148.0,352.0,204.0,3.36,52.483749,-1.889773,7,4.11,284.42,135.0,180.0,180.0,OK,8.917400213301788
179793,138.4,0.0,221.6,3.36,52.483749,-1.889792,7,3.83,291.89,135.0,180.0,180.0,OK,7.718068021281571
180850,139.7,0.0,220.3,2.88,52.483749,-1.889807,7,3.33,290.33,135.0,180.0,180.0,OK,6.793822592344438
181880,148.0,0.0,212.0,2.88,52.483749,-1.889823,7,3.33,290.33,135.0,180.0,180.0,OK,5.841550166243504
182913,175.1,0.0,184.9,2.88,52.483749,-1.889837,7,3.89,284.24,118.76,180.0,180.0,OK,5.051864538609266
183956,170.3,356.0,185.7,2.88,52.483741,-1.889847,6,4.67,323.01,122.65,180.0,180.0,OK,3.990894051960262
184986,137.2,349.0,211.8,2.88,52.483737,-1.889867,6,4.63,316.06,135.0,180.0,180.0,OK,2.628480412566157
186054,128.2,349.0,220.8,3.36,52.483734,-1.88988,7,3.39,285.01,135.0,180.0,180.0,OK,1.7622902684804198
187085,131.5,0.0,228.5,3.36,52.483737,-1.889897,7,3.39,285.01,108.75,174.0,174.0,OK,1.6679238991901268
188122,119.2,0.0,240.8,3.36,52.483734,-1.889903,7,3.28,279.84,100.69,150.0,150.0,OK,1.394825602910406
189156,115.3,0.0,244.7,3.36,52.483726,-1.889903,7,2.06,268.72,95.41,142.0,142.0,OK,0.602417292399788
190205,123.4,0.0,236.6,2.88,52.483726,-1.889903,7,1.8,242.51,91.36,158.0,158.0,OK,0.602417292399788
191252,123.8,0.0,236.2,2.88,52.483726,-1.889897,7,0.0,290.8,102.97,158.0,158.0,OK,0.44477970621492613
192285,124.0,0.0,236.0,2.88,52.483722,-1.889897,7,0.0,25.9,73.0,158.0,158.0,OK,0.0
193310,124.0,0.0,236.0,2.88,52.483722,-1.889897,7,0.0,25.9,73.0,158.0,158.0,OK,0.0
194348,124.0,0.0,236.0,2.88,52.483722,-1.889897,7,0.0,25.9,73.0,158.0,158.0,OK,0.0
195385,124.0,0.0,236.0,1.92,52.483722,-1.889897,7,0.0,25.9,73.0,158.0,158.0,OK,0.0
196434,124.0,0.0,236.0,1.92,52.483722,-1.889897,7,0.0,25.9,73.0,158.0,158.0,OK,0.0
197485,124.0,0.0,236.0,1.92,52.483722,-1.889897,7,0.0,25.9,73.0,158.0,158.0,OK,0.0
198514,124.0,0.0,236.0,1.92,52.483722,-1.889897,7,0.0,25.9,73.0,158.0,158.0,OK,0.0
199552,124.0,0.0,236.0,1.92,52.483722,-1.889897,7,0.0,25.9,73.0,158.0,158.0,OK,0.0
200589,124.0,0.0,236.0,1.44,52.483722,-1.889897,7,0.0,25.9,73.0,158.0,158.0,OK,0.0
201637,124.0,0.0,236.0,1.44,52.483722,-1.889897,7,0.0,25.9,73.0,158.0,158.0,OK,0.0
202688,124.0,0.0,236.0,1.44,52.483722,-1.889897,7,0.0,25.9,73.0,158.0,158.0,OK,0.0
203713,124.0,0.0,236.0,1.44,52.483722,-1.889897,7,0.0,25.9,73.0,158.0,158.0,OK,0.0
204753,124.0,0.0,236.0,1.44,52.483722,-1.889897,7,0.0,25.9,73.0,158.0,158.0,OK,0.0
205791,124.0,0.0,236.0,0.96,52.483722,-1.889897,7,0.0,25.9,73.0,158.0,158.0,OK,0.0
206839,124.0,0.0,236.0,0.96,52.483722,-1.889897,7,0.0,25.9,73.0,158.0,158.0,OK,0.0
207878,124.0,0.0,236.0,0.96,52.483722,-1.889897,7,0.0,25.9,73.0,158.0,158.0,OK,0.0
208908,124.0,0.0,236.0,0.96,52.483722,-1.889897,8,0.0,25.9,73.0,158.0,158.0,OK,0.0
209933,124.0,0.0,236.0,0.96,52.483722,-1.889897,8,0.0,25.9,73.0,158.0,158.0,OK,0.0
210973,124.0,0.0,236.0,0.48,52.483722,-1.889897,8,0.0,25.9,73.0,158.0,158.0,OK,0.0
212022,124.0,0.0,236.0,0.48,52.483722,-1.889897,8,0.0,25.9,73.0,158.0,158.0,OK,0.0
213047,124.0,0.0,236.0,0.48,52.483722,-1.889897,8,0.0,25.9,73.0,158.0,158.0,OK,0.0
214085,124.0,0.0,236.0,0.48,52.483722,-1.889897,8,0.0,25.9,73.0,158.0,158.0,OK,0.0
215122,124.0,0.0,236.0,0.48,52.483722,-1.889897,8,0.0,25.9,73.0,158.0,158.0,OK,0.0
216160,124.0,0.0,236.0,0.0,52.483722,-1.889897,8,0.0,25.9,73.0,158.0,158.0,OK,0.0
217210,124.0,0.0,236.0,0.0,52.483722,-1.889897,8,0.0,25.9,73.0,158.0,158.0,OK,0.0
218236,124.0,0.0,236.0,0.0,52.483722,-1.889897,8,0.0,25.9,73.0,158.0,158.0,OK,0.0
219274,124.0,0.0,236.0,0.0,52.483722,-1.889897,8,0.0,25.9,73.0,158.0,158.0,OK,0.0
220298,124.0,0.0,236.0,0.0,52.483722,-1.889897,8,0.0,25.9,73.0,158.0,158.0,OK,0.0
221323,124.0,0.0,236.0,0.0,52.483722,-1.889897,8,0.0,25.9,73.0,158.0,158.0,OK,0.0
222374,124.0,0.0,236.0,0.0,52.483722,-1.889897,8,0.0,25.9,73.0,158.0,158.0,OK,0.0
223399,124.0,0.0,236.0,0.0,52.483722,-1.889897,8,0.0,25.9,73.0,158.0,158.0,OK,0.0
224437,124.0,0.0,236.0,0.0,52.483722,-1.889897,8,0.0,25.9,73.0,158.0,158.0,OK,0.0
225462,124.0,0.0,236.0,0.0,52.483722,-1.889897,8,0.0,25.9,73.0,158.0,158.0,OK,0.0
226486,124.0,0.0,236.0,0.0,52.483722,-1.889897,8,0.0,25.9,73.0,158.0,158.0,OK,0.0
227548,124.0,0.0,236.0,0.0,52.483722,-1.889897,8,0.0,25.9,73.0,158.0,158.0,OK,0.0
228577,124.0,0.0,236.0,0.0,52.483722,-1.889897,8,0.0,25.9,73.0,158.0,158.0,OK,0.0
229603,124.0,0.0,236.0,0.0,52.483722,-1.889897,8,0.0,25.9,73.0,158.0,158.0,OK,0.0
230627,124.0,0.0,236.0,0.0,52.483722,-1.889897,8,0.0,25.9,73.0,158.0,158.0,OK,0.0
231665,124.0,0.0,236.0,0.0,52.483722,-1.889897,8,0.0,25.9,73.0,158.0,158.0,OK,0.0
232715,124.0,0.0,236.0,0.0,52.483722,-1.889897,8,0.0,25.9,73.0,158.0,158.0,OK,0.0
233740,124.0,0.0,236.0,0.0,52.483722,-1.889897,8,0.0,25.9,73.0,158.0,158.0,OK,0.0
234768,124.0,0.0,236.0,0.0,52.483722,-1.889897,8,0.0,25.9,73.0,158.0,158.0,OK,0.0
235805,124.0,0.0,236.0,0.0,52.483722,-1.889897,8,0.0,25.9,73.0,158.0,158.0,OK,0.0
236834,124.0,0.0,236.0,0.0,52.483722,-1.889897,8,0.0,25.9,73.0,158.0,158.0,OK,0.0
237893,124.0,0.0,236.0,0.0,52.483722,-1.889897,8,0.0,25.9,73.0,158.0,158.0,OK,0.0
238919,124.0,0.0,236.0,0.0,52.483722,-1.889897,8,0.0,25.9,73.0,158.0,158.0,OK,0.0
239944,124.0,0.0,236.0,0.0,52.483722,-1.889897,8,0.0,25.9,73.0,158.0,158.0,OK,0.0
240986,124.0,0.0,236.0,0.0,52.483722,-1.889897,7,0.0,25.9,73.0,158.0,158.0,OK,0.0
242013,124.0,0.0,236.0,0.0,52.483722,-1.889897,8,0.0,25.9,73.0,158.0,158.0,OK,0.0
243059,124.0,0.0,236.0,0.0,52.483722,-1.889897,8,0.0,25.9,73.0,158.0,158.0,OK,0.0
244097,124.0,0.0,236.0,0.0,52.483722,-1.889897,8,0.0,25.9,73.0,158.0,158.0,OK,0.0
245135,124.0,0.0,236.0,0.0,52.483722,-1.889897,8,0.0,25.9,73.0,158.0,158.0,OK,0.0
246159,124.0,0.0,236.0,0.0,52.483722,-1.889897,8,0.0,25.9,73.0,158.0,158.0,OK,0.0
247188,124.0,0.0,236.0,0.0,52.483722,-1.889897,8,0.0,25.9,73.0,158.0,158.0,OK,0.0
248248,124.0,0.0,236.0,0.0,52.483722,-1.889897,8,0.0,25.9,73.0,158.0,158.0,OK,0.0
249274,124.0,0.0,236.0,0.0,52.483722,-1.889897,8,0.0,25.9,73.0,158.0,158.0,OK,0.0
250298,124.0,0.0,236.0,0.0,52.483722,-1.889897,8,0.0,25.9,73.0,158.0,158.0,OK,0.0
