Time(ms)(s),Heading(°),WindDir(°),RelWind(°),WindSpd(mph),Lat,Lon,GpsStat,GpsSpeed,GpsCourse,Rudder(°),Sail(°),TargetSail(°),Status
4947,2.6,298.0,295.4,0.0,52.484046,-1.889295,6,0.0,280.24,45.0,40.0,40.0,OK
5438,359.6,129.0,129.4,0.0,52.484123,-1.889412,4,0.26,223.59,91.4,140.0,168.0,OK
5981,2.6,297.0,294.4,0.0,52.484046,-1.889295,6,0.0,280.24,45.0,42.0,42.0,OK
6474,359.6,129.0,129.4,0.0,52.484123,-1.889417,4,0.09,5.12,91.42,168.0,168.0,OK
7012,2.6,297.0,294.4,0.0,52.484046,-1.889295,6,0.0,280.24,45.0,42.0,42.0,OK
7259,124.0,0.0,236.0,0.0,52.483722,-1.889897,9,0.0,25.9,45.0,158.0,158.0,OK
7512,359.6,129.0,129.4,0.0,52.484123,-1.889425,4,0.04,230.13,91.45,168.0,168.0,OK
8044,2.7,297.0,294.3,0.0,52.484046,-1.889295,6,0.0,280.24,45.0,42.0,42.0,OK
8294,124.0,0.0,236.0,0.0,52.483722,-1.889897,9,0.0,25.9,45.0,158.0,158.0,OK
8561,359.6,129.0,129.4,0.0,52.484119,-1.889432,4,0.04,297.87,91.47,168.0,168.0,OK
9098,2.5,296.0,293.5,0.0,52.484046,-1.889295,6,0.0,280.24,45.0,44.0,44.0,OK
9338,127.5,0.0,232.5,0.0,52.483722,-1.889897,9,0.0,25.9,45.0,166.0,166.0,OK
9619,359.6,129.0,129.4,0.0,52.484115,-1.88944,4,0.04,99.26,91.51,168.0,168.0,OK
10131,2.6,296.0,293.4,0.0,52.484046,-1.889295,6,0.0,280.24,45.0,44.0,44.0,OK
10371,142.4,28.0,245.6,0.0,52.483722,-1.889897,9,0.0,25.9,45.0,140.0,140.0,OK
10663,359.6,129.0,129.4,0.0,52.484115,-1.889445,4,0.04,99.26,91.52,168.0,168.0,OK
11166,2.6,296.0,293.4,0.0,52.484046,-1.889295,6,0.0,280.24,45.0,44.0,44.0,OK
11438,175.5,53.0,237.5,0.0,52.483722,-1.889897,9,0.0,25.9,135.0,150.0,156.0,OK
11701,359.6,129.0,129.4,0.0,52.484111,-1.889447,4,0.06,327.77,91.53,168.0,168.0,OK
12201,2.6,296.0,293.4,0.0,52.484046,-1.889295,6,0.0,280.24,45.0,44.0,44.0,OK
12473,194.2,33.0,198.8,0.0,52.483722,-1.889897,9,0.0,25.9,135.0,180.0,180.0,OK
12750,359.6,129.0,129.4,0.0,52.484111,-1.889447,4,0.02,192.39,91.53,168.0,168.0,OK
13234,2.6,295.0,292.4,0.0,52.484046,-1.889295,6,0.0,280.24,45.0,46.0,46.0,OK
13343,355.2,126.0,130.8,3.36,52.483783,-1.888743,6,0.78,94.21,45.0,170.0,170.0,OK
13506,198.0,20.0,182.0,0.0,52.483722,-1.889897,9,0.0,25.9,135.0,180.0,180.0,OK
13787,359.6,129.0,129.4,0.0,52.484107,-1.889445,4,0.0,0.0,91.52,168.0,168.0,OK
14301,2.6,296.0,293.4,0.0,52.484046,-1.889295,6,0.0,280.24,45.0,44.0,44.0,OK
14389,355.2,126.0,130.8,3.36,52.483783,-1.888743,6,0.78,94.21,45.0,170.0,170.0,OK
14534,194.9,11.0,176.1,0.0,52.483722,-1.889897,8,0.0,25.9,135.0,180.0,180.0,OK
14643,26.1,270.0,243.9,5.76,52.484222,-1.890122,9,0.0,356.97,131.09,144.0,144.0,OK
14857,359.6,129.0,129.4,0.0,52.484104,-1.889445,4,0.02,272.17,91.52,168.0,168.0,OK
15335,2.7,296.0,293.3,0.0,52.484046,-1.889295,6,0.0,280.24,45.0,44.0,44.0,OK
15422,355.2,126.0,130.8,1.92,52.483894,-1.888892,6,1.3,151.59,45.0,170.0,170.0,OK
15572,168.5,18.0,209.5,0.0,52.483722,-1.889897,8,0.0,25.9,135.0,180.0,180.0,OK
15679,23.4,271.0,247.6,5.76,52.484222,-1.890122,9,0.0,356.97,132.44,136.0,136.0,OK
15884,359.6,129.0,129.4,0.0,52.484096,-1.889383,5,0.06,147.07,91.28,168.0,168.0,OK
16371,2.7,297.0,294.3,0.0,52.484046,-1.889295,6,0.0,280.24,45.0,42.0,42.0,OK
16455,355.2,129.0,133.8,1.92,52.483959,-1.889063,6,0.5,338.69,45.0,176.0,176.0,OK
16622,175.0,26.0,211.0,3.84,52.483722,-1.889897,9,0.0,25.9,135.0,180.0,180.0,OK
16713,35.0,276.0,241.0,5.76,52.484222,-1.890122,9,0.0,356.97,126.64,148.0,148.0,OK
16922,359.6,129.0,129.4,0.0,52.484092,-1.889358,5,0.07,4.04,91.19,168.0,168.0,OK
17406,2.7,297.0,294.3,0.0,52.484046,-1.889295,6,0.0,280.24,45.0,42.0,42.0,OK
17501,355.2,133.0,137.8,1.92,52.483989,-1.889128,6,0.48,6.52,45.0,180.0,180.0,OK
17656,197.2,11.0,173.8,3.84,52.483749,-1.88989,9,0.0,25.9,135.0,180.0,180.0,OK
17761,34.7,293.0,258.3,5.76,52.484222,-1.890122,8,0.0,356.97,126.79,114.0,114.0,OK
17958,359.6,129.0,129.4,0.0,52.484088,-1.889342,5,0.02,235.16,91.12,168.0,168.0,OK
18440,2.7,297.0,294.3,0.0,52.484046,-1.889295,6,0.0,280.24,45.0,42.0,42.0,OK
18535,355.2,133.0,137.8,1.92,52.484004,-1.889148,6,0.39,88.51,45.0,180.0,180.0,OK
18684,188.2,0.0,171.8,3.84,52.483757,-1.88991,9,4.19,309.97,135.0,180.0,180.0,OK
18817,47.4,313.0,265.6,1.44,52.484222,-1.890122,8,0.0,356.97,120.44,100.0,100.0,OK
19009,359.6,129.0,129.4,0.0,52.484085,-1.889333,5,0.02,134.73,91.09,168.0,168.0,OK
19492,2.7,297.0,294.3,0.0,52.484046,-1.889295,6,0.0,280.24,45.0,42.0,42.0,OK
19585,355.2,133.0,137.8,1.92,52.483982,-1.889077,5,0.52,99.03,45.0,180.0,180.0,OK
19717,157.7,36.0,238.3,3.84,52.483764,-1.889932,9,4.15,300.6,135.0,154.0,154.0,OK
19855,55.9,340.0,284.1,1.44,52.48423,-1.890043,9,0.0,356.97,117.6,62.0,62.0,OK
20066,359.6,129.0,129.4,0.48,52.484081,-1.889327,5,0.06,334.49,91.06,168.0,168.0,OK
20530,2.7,297.0,294.3,0.48,52.484046,-1.889295,6,0.0,280.24,45.0,42.0,42.0,OK
20615,355.2,133.0,137.8,1.92,52.483963,-1.889033,5,0.87,95.56,45.0,180.0,180.0,OK
20751,165.0,40.0,235.0,3.84,52.483768,-1.889952,9,4.24,294.18,135.0,160.0,160.0,OK
20893,39.0,338.0,299.0,1.44,52.484241,-1.890042,9,2.61,56.88,126.7,32.0,32.0,OK
21093,359.6,129.0,129.4,0.48,52.484081,-1.889323,5,0.0,47.79,91.05,168.0,168.0,OK
21563,2.7,297.0,294.3,0.48,52.484046,-1.889295,6,0.0,280.24,45.0,42.0,42.0,OK
21643,355.2,134.0,138.8,1.92,52.483947,-1.888983,5,0.76,96.48,45.0,180.0,180.0,OK
21816,188.1,24.0,195.9,5.28,52.483776,-1.889968,9,4.33,290.95,135.0,180.0,180.0,OK
21924,30.7,0.0,329.3,1.44,52.484249,-1.890038,9,3.26,34.55,131.43,0.0,0.0,OK
22132,359.6,100.0,100.4,0.48,52.484077,-1.889318,5,0.0,23.7,91.03,110.0,110.0,OK
22596,2.7,297.0,294.3,0.48,52.484046,-1.889295,6,0.0,280.24,45.0,42.0,42.0,OK
22678,342.6,149.0,166.4,1.92,52.48397,-1.888967,5,0.63,95.33,45.0,180.0,180.0,OK
22852,220.5,10.0,149.5,5.28,52.483779,-1.889982,9,3.91,319.67,135.0,180.0,180.0,OK
22953,41.5,12.0,330.5,1.44,52.48426,-1.890033,8,3.32,38.23,126.54,0.0,0.0,OK
23180,359.6,22.0,22.4,0.48,52.484073,-1.889315,5,0.0,10.5,91.02,0.0,0.0,OK
23631,2.7,297.0,294.3,0.48,52.484046,-1.889295,6,0.0,280.24,45.0,42.0,42.0,OK
23710,335.8,159.0,183.2,1.92,52.483966,-1.888957,5,0.57,99.52,45.64,180.0,180.0,OK
23881,231.8,0.0,128.2,5.28,52.483791,-1.889993,9,3.67,316.8,135.0,166.0,166.0,OK
24010,54.8,2.0,307.2,2.88,52.484272,-1.890032,8,4.76,22.52,120.35,16.0,16.0,OK
24212,359.6,14.0,14.4,0.48,52.484073,-1.889315,5,0.0,10.5,91.02,0.0,0.0,OK
24698,2.7,303.0,300.3,0.48,52.484046,-1.889295,6,0.0,280.24,45.0,30.0,30.0,OK
24763,332.4,174.0,201.6,1.92,52.483959,-1.88894,5,0.56,120.01,47.81,180.0,180.0,OK
24913,228.6,358.0,129.4,5.28,52.483795,-1.890005,9,1.87,330.61,135.0,168.0,168.0,OK
25043,57.5,0.0,302.5,2.88,52.484287,-1.89003,7,4.91,19.23,119.79,26.0,26.0,OK
25278,359.6,14.0,14.4,0.96,52.484073,-1.889315,5,0.0,10.5,91.02,0.0,0.0,OK
25732,2.6,331.0,328.4,0.48,52.484046,-1.889295,6,0.0,280.24,45.0,0.0,0.0,OK
25794,332.6,175.0,202.4,1.92,52.483947,-1.88893,5,0.19,161.47,48.18,180.0,180.0,OK
25960,207.0,358.0,151.0,5.28,52.483802,-1.890015,9,2.78,317.5,135.0,180.0,180.0,OK
26078,49.8,0.0,310.2,2.88,52.484291,-1.890022,7,3.96,32.89,124.02,10.0,10.0,OK
26314,359.6,14.0,14.4,0.96,52.484073,-1.889315,5,0.0,10.5,91.02,0.0,0.0,OK
26760,2.8,332.0,329.2,0.48,52.484046,-1.889295,6,0.0,280.24,45.0,0.0,0.0,OK
26824,332.6,175.0,202.4,1.92,52.48394,-1.888915,5,0.15,156.33,48.83,180.0,180.0,OK
27010,190.2,7.0,176.8,6.72,52.483806,-1.890023,9,2.19,314.64,135.0,180.0,180.0,OK
27111,48.2,0.0,311.8,2.88,52.484298,-1.890013,7,4.22,30.11,125.29,8.0,8.0,OK
27345,359.6,14.0,14.4,0.96,52.484073,-1.889315,5,0.0,10.5,91.02,0.0,0.0,OK
27787,2.8,332.0,329.2,0.48,52.484046,-1.889295,6,0.0,280.24,45.0,0.0,0.0,OK
27873,332.7,175.0,202.3,1.92,52.483936,-1.888888,5,0.67,75.13,49.17,180.0,180.0,OK
28043,192.6,13.0,180.4,6.72,52.48381,-1.890032,9,2.89,326.62,135.0,180.0,180.0,OK
28161,54.7,0.0,305.3,2.88,52.484306,-1.890007,7,4.26,37.95,122.73,20.0,20.0,OK
28382,359.6,14.0,14.4,0.96,52.484073,-1.889315,5,0.0,10.5,91.02,0.0,0.0,OK
28829,2.8,86.0,83.2,0.48,52.484046,-1.889295,6,0.0,280.24,45.0,76.0,76.0,OK
28905,332.7,175.0,202.3,1.92,52.483932,-1.888878,5,0.43,79.71,49.47,180.0,180.0,OK
29072,197.6,6.0,168.4,6.72,52.483821,-1.890042,9,3.74,334.71,135.0,180.0,180.0,OK
29206,71.0,349.0,278.0,3.84,52.484313,-1.889997,9,4.61,38.73,115.08,74.0,74.0,OK
29428,359.6,13.0,13.4,0.96,52.484073,-1.889315,5,0.0,10.5,91.02,0.0,0.0,OK
29884,2.7,155.0,152.3,0.48,52.484046,-1.889295,6,0.0,280.24,45.0,180.0,180.0,OK
29970,332.7,175.0,202.3,1.92,52.48394,-1.888882,5,0.5,84.03,49.08,180.0,180.0,OK
30115,230.3,0.0,129.7,6.72,52.483833,-1.890052,9,3.5,324.56,135.0,168.0,168.0,OK
30240,82.7,340.0,257.3,3.84,52.484325,-1.889987,9,4.26,39.09,109.97,116.0,116.0,OK
30482,359.6,13.0,13.4,2.4,52.484073,-1.889315,5,0.0,10.5,91.02,0.0,0.0,OK
30918,2.8,7.0,4.2,0.0,52.484046,-1.889295,6,0.0,280.24,45.0,0.0,0.0,OK
31000,332.7,175.0,202.3,1.92,52.483947,-1.888887,5,0.72,68.82,48.54,180.0,180.0,OK
31148,241.2,327.0,85.8,6.72,52.48384,-1.890062,9,2.76,318.87,135.0,80.0,80.0,OK
31275,102.7,344.0,241.3,3.84,52.484336,-1.889973,8,4.06,59.31,100.7,148.0,148.0,OK
31518,359.6,13.0,13.4,2.4,52.484073,-1.889315,5,0.0,10.5,91.02,0.0,0.0,OK
31945,2.8,0.0,357.2,0.0,52.484046,-1.889295,6,0.0,280.24,45.0,0.0,0.0,OK
32030,332.7,175.0,202.3,1.92,52.483951,-1.88889,5,0.44,75.19,48.37,180.0,180.0,OK
32221,223.2,330.0,106.8,6.72,52.483844,-1.890062,9,0.0,35.96,135.0,122.0,122.0,OK
32321,121.9,339.0,217.1,3.84,52.48434,-1.88996,8,4.3,65.62,91.51,180.0,180.0,OK
32549,359.6,13.0,13.4,2.4,52.484073,-1.889315,5,0.0,10.5,91.02,0.0,0.0,OK
32972,2.9,0.0,357.1,0.0,52.484046,-1.889295,6,0.0,280.24,45.0,0.0,0.0,OK
33065,332.7,175.0,202.3,1.92,52.483955,-1.888892,5,0.22,50.51,48.15,180.0,180.0,OK
33254,203.8,0.0,156.2,6.72,52.483848,-1.890065,9,0.0,14.07,135.0,180.0,180.0,OK
33355,117.1,331.0,213.9,3.84,52.484344,-1.889943,8,4.69,84.14,94.4,180.0,180.0,OK
33582,359.6,13.0,13.4,2.4,52.484073,-1.889315,5,0.0,10.5,91.02,0.0,0.0,OK
34000,2.8,0.0,357.2,0.0,52.484046,-1.889295,6,0.0,280.24,45.0,0.0,0.0,OK
34096,332.7,175.0,202.3,1.92,52.483959,-1.888897,5,0.19,33.58,48.1,180.0,180.0,OK
34282,203.7,0.0,156.3,6.72,52.483852,-1.890072,9,1.8,345.69,135.0,180.0,180.0,OK
34413,116.2,332.0,215.8,3.36,52.484344,-1.889927,8,3.85,83.32,95.28,180.0,180.0,OK
34614,359.6,12.0,12.4,2.4,52.484073,-1.889315,5,0.0,10.5,91.02,0.0,0.0,OK
35061,2.9,0.0,357.1,0.0,52.484046,-1.889295,6,0.0,280.24,45.0,0.0,0.0,OK
35149,332.7,175.0,202.3,1.44,52.483963,-1.888907,5,0.17,257.56,48.0,180.0,180.0,OK
35311,214.4,0.0,145.6,6.72,52.48386,-1.890075,9,2.56,346.68,135.0,180.0,180.0,OK
35444,113.8,330.0,216.2,3.36,52.484344,-1.88991,8,4.32,92.31,96.75,180.0,180.0,OK
35674,359.6,12.0,12.4,2.4,52.484073,-1.889315,5,0.0,10.5,91.02,0.0,0.0,OK
36093,2.9,0.0,357.1,0.0,52.484046,-1.889295,6,0.0,280.24,45.0,0.0,0.0,OK
36179,332.7,175.0,202.3,1.44,52.483966,-1.88891,5,0.17,315.49,47.75,180.0,180.0,OK
36357,226.6,332.0,105.4,8.16,52.483867,-1.890083,9,3.07,342.51,135.0,120.0,120.0,OK
36475,124.8,327.0,202.2,3.36,52.484344,-1.889893,9,4.8,94.63,91.7,180.0,180.0,OK
36707,359.6,12.0,12.4,2.4,52.484073,-1.889315,5,0.0,10.5,91.02,0.0,0.0,OK
37124,2.9,0.0,357.1,0.0,52.484046,-1.889295,6,0.0,280.24,45.0,0.0,0.0,OK
37210,332.7,175.0,202.3,1.44,52.483959,-1.888907,5,0.33,254.6,48.0,180.0,180.0,OK
37413,230.7,344.0,113.3,8.16,52.483875,-1.89009,9,3.32,348.4,135.0,136.0,136.0,OK
37507,144.6,324.0,179.4,3.36,52.48434,-1.889875,8,4.37,98.88,81.89,180.0,180.0,OK
37739,359.6,11.0,11.4,2.4,52.484073,-1.889315,5,0.0,10.5,91.02,0.0,0.0,OK
38151,2.9,0.0,357.1,0.0,52.484046,-1.889295,6,0.0,280.24,45.0,0.0,0.0,OK
38257,332.7,175.0,202.3,1.44,52.483963,-1.888912,5,0.17,236.41,47.95,180.0,180.0,OK
38451,227.8,324.0,96.2,8.16,52.483882,-1.890097,9,3.19,346.91,135.0,102.0,102.0,OK
38550,167.8,320.0,152.2,3.36,52.484336,-1.889858,7,4.02,111.27,70.52,180.0,180.0,OK
38770,359.6,3.0,3.4,2.4,52.484073,-1.889315,5,0.0,10.5,91.02,0.0,0.0,OK
39192,3.0,0.0,357.0,0.0,52.484046,-1.889295,6,0.0,280.24,45.0,0.0,0.0,OK
39287,332.7,175.0,202.3,1.44,52.483963,-1.888915,5,0.22,119.79,47.84,180.0,180.0,OK
39481,0.0,339.0,339.0,8.16,52.483898,-1.890107,9,3.63,351.57,79.26,0.0,0.0,OK
39609,168.7,320.0,151.3,2.4,52.484333,-1.889847,7,3.87,128.15,70.18,180.0,180.0,OK
39816,359.6,3.0,3.4,2.4,52.484073,-1.889315,5,0.0,10.5,91.02,0.0,0.0,OK
40241,3.0,0.0,357.0,0.48,52.484046,-1.889295,6,0.0,280.24,45.0,0.0,0.0,OK
40352,332.7,175.0,202.3,0.96,52.483966,-1.888918,5,0.07,88.27,47.6,180.0,180.0,OK
40511,358.2,345.0,346.8,8.16,52.483901,-1.89012,9,3.32,346.05,80.88,0.0,0.0,OK
40639,168.2,320.0,151.8,2.4,52.484325,-1.889835,8,4.48,143.5,70.38,180.0,180.0,OK
40872,359.6,2.0,2.4,3.36,52.484073,-1.889315,5,0.0,10.5,91.02,0.0,0.0,OK
41272,3.0,0.0,357.0,0.48,52.484046,-1.889295,6,0.0,280.24,45.0,0.0,0.0,OK
41384,332.7,175.0,202.3,0.96,52.483974,-1.88892,6,0.26,350.27,47.23,180.0,180.0,OK
41542,359.0,0.0,1.0,6.72,52.483924,-1.890137,9,3.69,349.3,80.43,0.0,0.0,OK
41669,165.6,320.0,154.4,2.4,52.484321,-1.889825,8,3.37,136.33,71.58,180.0,180.0,OK
41907,359.6,2.0,2.4,3.36,52.484073,-1.889315,5,0.0,10.5,91.02,0.0,0.0,OK
42299,2.9,0.0,357.1,0.48,52.484046,-1.889295,6,0.0,280.24,45.0,0.0,0.0,OK
42415,332.7,175.0,202.3,0.96,52.483978,-1.888917,6,0.11,78.99,46.98,180.0,180.0,OK
42605,7.7,0.0,352.3,6.72,52.483936,-1.890143,9,4.06,348.59,76.25,0.0,0.0,OK
42713,148.9,321.0,172.1,2.4,52.484313,-1.889817,9,3.33,157.51,79.97,180.0,180.0,OK
42939,359.6,2.0,2.4,3.36,52.484073,-1.889315,5,0.0,10.5,91.02,0.0,0.0,OK
43330,2.5,0.0,357.5,0.48,52.484046,-1.889295,6,0.0,280.24,45.0,0.0,0.0,OK
43450,332.7,175.0,202.3,0.96,52.483978,-1.888912,6,0.39,55.21,47.11,180.0,180.0,OK
43643,11.5,356.0,344.5,6.72,52.483951,-1.890152,9,4.22,348.92,74.23,0.0,0.0,OK
43742,144.0,323.0,179.0,1.92,52.48431,-1.889812,9,2.48,157.66,82.37,180.0,180.0,OK
43984,359.6,2.0,2.4,3.36,52.484073,-1.889315,5,0.0,10.5,91.02,0.0,0.0,OK
44358,3.0,0.0,357.0,0.48,52.484046,-1.889295,6,0.0,280.24,45.0,0.0,0.0,OK
44494,332.6,175.0,202.4,0.96,52.483989,-1.888913,6,0.0,36.07,46.79,180.0,180.0,OK
44674,32.6,356.0,323.4,6.72,52.483963,-1.890153,9,4.07,356.96,63.44,0.0,0.0,OK
44798,166.1,323.0,156.9,1.92,52.484302,-1.889807,9,3.17,154.49,70.8,180.0,180.0,OK
45016,359.6,2.0,2.4,3.36,52.484073,-1.889315,5,0.0,10.5,91.02,0.0,0.0,OK
45421,3.0,0.0,357.0,0.0,52.484046,-1.889295,6,0.0,280.24,45.0,0.0,0.0,OK
45545,332.6,175.0,202.4,0.96,52.483989,-1.88892,7,0.0,19.22,46.65,180.0,180.0,OK
45707,20.6,336.0,315.4,6.72,52.483974,-1.89016,9,2.69,5.6,69.39,0.0,0.0,OK
45841,177.0,319.0,142.0,1.92,52.484283,-1.889793,9,3.69,157.7,64.82,180.0,180.0,OK
46073,359.6,2.0,2.4,3.36,52.484073,-1.889315,5,0.0,10.5,91.02,0.0,0.0,OK
46452,3.0,0.0,357.0,0.0,52.484046,-1.889295,6,0.0,280.24,45.0,0.0,0.0,OK
46574,332.6,175.0,202.4,0.96,52.483989,-1.88892,7,0.0,287.45,46.65,180.0,180.0,OK
46749,2.0,346.0,344.0,6.72,52.483985,-1.890168,9,3.28,4.64,78.66,0.0,0.0,OK
46871,171.8,318.0,146.2,1.92,52.484279,-1.889783,9,3.94,155.79,67.49,180.0,180.0,OK
47105,359.6,2.0,2.4,3.36,52.484073,-1.889315,5,0.0,10.5,91.02,0.0,0.0,OK
47479,4.0,0.0,356.0,0.0,52.484046,-1.889295,6,0.0,280.24,45.0,0.0,0.0,OK
47608,332.6,175.0,202.4,0.96,52.483989,-1.88892,7,0.0,287.45,46.65,180.0,180.0,OK
47805,24.9,338.0,313.1,6.72,52.484004,-1.890178,9,3.39,3.06,67.08,4.0,4.0,OK
47902,155.2,315.0,159.8,1.92,52.484268,-1.889777,9,3.41,146.38,74.93,180.0,180.0,OK
48139,359.6,2.0,2.4,3.36,52.484073,-1.889315,5,0.0,10.5,91.02,0.0,0.0,OK
48506,3.4,0.0,356.6,0.0,52.484046,-1.889295,6,0.0,280.24,45.0,0.0,0.0,OK
48655,332.6,175.0,202.4,0.96,52.483989,-1.88892,7,0.0,287.45,46.65,180.0,180.0,OK
48839,29.9,314.0,284.1,6.72,52.484016,-1.890188,9,3.78,357.63,64.71,62.0,62.0,OK
48950,123.2,312.0,188.8,1.92,52.484264,-1.889768,9,3.8,145.57,91.26,180.0,180.0,OK
49171,359.6,2.0,2.4,3.36,52.484073,-1.889315,5,0.0,10.5,91.02,0.0,0.0,OK
49551,3.9,0.0,356.1,0.0,52.484046,-1.889295,6,0.0,280.24,45.0,0.0,0.0,OK
49686,332.6,175.0,202.4,0.96,52.483989,-1.88892,7,0.0,287.45,46.65,180.0,180.0,OK
49876,13.1,319.0,305.9,6.72,52.484031,-1.890197,9,3.83,5.14,73.2,20.0,20.0,OK
50004,103.7,318.0,214.3,1.92,52.484256,-1.88976,9,3.59,141.33,100.47,180.0,180.0,OK
50216,359.6,2.0,2.4,2.88,52.484073,-1.889315,5,0.0,10.5,91.02,0.0,0.0,OK
50599,3.0,0.0,357.0,0.0,52.484046,-1.889295,6,0.0,280.24,45.0,0.0,0.0,OK
50751,332.6,211.0,238.4,0.96,52.483989,-1.88892,7,0.0,287.45,46.65,154.0,154.0,OK
50921,28.0,0.0,332.0,6.72,52.484046,-1.8902,9,4.56,11.43,64.95,0.0,0.0,OK
51037,89.6,321.0,231.4,1.92,52.484249,-1.889745,8,3.65,129.91,107.84,168.0,168.0,OK
51273,359.6,2.0,2.4,2.88,52.484073,-1.889315,5,0.0,10.5,91.02,0.0,0.0,OK
51631,3.0,0.0,357.0,0.0,52.484046,-1.889295,6,0.0,280.24,45.0,0.0,0.0,OK
51785,332.6,217.0,244.4,0.96,52.483989,-1.88892,7,0.0,287.45,46.65,142.0,142.0,OK
51951,49.9,354.0,304.1,5.28,52.484066,-1.890203,9,3.2,4.61,52.83,22.0,22.0,OK
52069,83.8,333.0,249.2,1.92,52.484245,-1.88973,7,4.26,121.31,110.59,132.0,132.0,OK
52305,359.6,2.0,2.4,2.88,52.484073,-1.889315,5,0.0,10.5,91.02,0.0,0.0,OK
52659,3.1,0.0,356.9,0.0,52.484046,-1.889295,6,0.0,280.24,45.0,0.0,0.0,OK
52824,332.6,217.0,244.4,0.96,52.483989,-1.88892,7,0.0,287.45,46.65,142.0,142.0,OK
53023,50.7,335.0,284.3,5.28,52.484077,-1.890212,9,3.54,12.32,52.13,62.0,62.0,OK
53117,106.7,341.0,234.3,1.92,52.484241,-1.889717,8,3.83,105.53,99.31,162.0,162.0,OK
53338,359.6,2.0,2.4,2.88,52.484073,-1.889315,5,0.0,10.5,91.02,0.0,0.0,OK
53686,3.1,0.0,356.9,0.0,52.484046,-1.889295,6,0.0,280.24,45.0,0.0,0.0,OK
53860,332.5,217.0,244.5,0.96,52.483989,-1.88892,7,0.0,287.45,46.7,142.0,142.0,OK
54056,53.2,325.0,271.8,5.28,52.484085,-1.890198,9,4.15,17.79,48.42,88.0,88.0,OK
54156,117.7,327.0,209.3,3.36,52.484233,-1.889698,8,4.33,105.51,94.01,180.0,180.0,OK
54387,359.6,2.0,2.4,2.88,52.484073,-1.889315,5,0.0,10.5,91.02,0.0,0.0,OK
54713,3.2,0.0,356.8,0.0,52.484046,-1.889295,6,0.0,280.24,45.0,0.0,0.0,OK
54893,332.5,226.0,253.5,0.96,52.483989,-1.88892,7,0.0,287.45,46.7,124.0,124.0,OK
55090,57.4,297.0,239.6,5.28,52.4841,-1.8902,9,3.82,11.92,45.0,152.0,152.0,OK
55221,110.3,318.0,207.7,3.36,52.48423,-1.889687,7,2.5,96.6,97.71,180.0,180.0,OK
55419,359.6,2.0,2.4,2.4,52.484073,-1.889315,5,0.0,10.5,91.02,0.0,0.0,OK
55768,3.2,0.0,356.8,0.0,52.484046,-1.889295,6,0.0,280.24,45.0,0.0,0.0,OK
55948,332.5,232.0,259.5,1.44,52.483989,-1.88892,7,0.0,287.45,46.7,112.0,112.0,OK
56125,47.0,295.0,248.0,5.28,52.484115,-1.890202,9,3.67,13.59,46.49,134.0,134.0,OK
56252,107.8,335.0,227.2,3.36,52.484226,-1.889677,7,2.94,114.78,99.03,176.0,176.0,OK
56477,359.6,2.0,2.4,2.4,52.484073,-1.889315,5,0.0,10.5,91.02,0.0,0.0,OK
56796,3.2,0.0,356.8,0.0,52.484046,-1.889295,5,0.0,280.24,45.0,0.0,0.0,OK
56981,332.5,257.0,284.5,1.44,52.483989,-1.88892,7,0.0,287.45,46.7,62.0,62.0,OK
57171,41.9,289.0,247.1,6.72,52.484123,-1.890197,9,2.96,17.69,47.84,136.0,136.0,OK
57288,93.9,0.0,266.1,3.36,52.484226,-1.889658,8,3.7,103.91,106.49,98.0,98.0,OK
57509,359.6,2.0,2.4,2.4,52.484073,-1.889315,5,0.0,10.5,91.02,0.0,0.0,OK
57822,3.2,0.0,356.8,0.0,52.484046,-1.889295,5,0.0,280.24,45.0,0.0,0.0,OK
58015,333.3,258.0,284.7,1.44,52.483989,-1.88892,7,0.0,287.45,46.3,62.0,62.0,OK
58229,42.0,291.0,249.0,6.72,52.484138,-1.890188,9,4.3,21.93,45.0,132.0,132.0,OK
58321,94.7,0.0,265.3,3.36,52.484226,-1.889638,9,4.17,94.41,106.95,100.0,100.0,OK
58543,0.1,2.0,1.9,2.4,52.484073,-1.889315,5,0.0,10.5,90.77,0.0,0.0,OK
58849,3.2,0.0,356.8,0.0,52.484046,-1.889295,6,0.0,280.24,45.0,0.0,0.0,OK
59055,333.9,261.0,287.1,1.44,52.483989,-1.88892,7,0.0,287.45,46.0,56.0,56.0,OK
59262,34.2,299.0,264.8,6.72,52.484149,-1.890183,9,4.22,18.84,45.0,102.0,102.0,OK
59372,94.2,0.0,265.8,5.76,52.484226,-1.88962,8,4.02,90.8,107.8,100.0,100.0,OK
59575,0.0,2.0,2.0,2.4,52.484073,-1.889315,5,0.0,10.5,90.82,0.0,0.0,OK
59889,3.2,323.0,319.8,0.0,52.484046,-1.889295,6,0.0,280.24,45.0,0.0,0.0,OK
60088,334.1,261.0,286.9,1.44,52.483989,-1.88892,7,0.0,287.45,45.9,58.0,58.0,OK
60296,34.9,348.0,313.1,6.72,52.484165,-1.89018,9,3.89,21.41,45.0,4.0,4.0,OK
60426,101.5,0.0,258.5,5.76,52.48423,-1.889603,8,3.94,83.34,105.25,114.0,114.0,OK
60621,0.0,15.0,15.0,1.92,52.484073,-1.889315,5,0.0,10.5,90.82,0.0,0.0,OK
60947,3.2,318.0,314.8,0.0,52.484046,-1.889295,6,0.0,280.24,45.0,2.0,2.0,OK
61154,334.1,262.0,287.9,1.44,52.483989,-1.88892,6,0.0,287.45,45.9,56.0,56.0,OK
61341,34.2,350.0,315.8,4.8,52.484176,-1.890173,9,4.0,24.34,45.0,0.0,0.0,OK
61459,107.6,0.0,252.4,5.76,52.484226,-1.889587,8,3.87,92.3,102.52,126.0,126.0,OK
61670,0.1,164.0,163.9,1.92,52.484073,-1.889315,5,0.0,10.5,90.77,180.0,180.0,OK
61978,3.2,318.0,314.8,0.0,52.484046,-1.889295,6,0.0,280.24,45.0,2.0,2.0,OK
62187,334.1,263.0,288.9,1.44,52.483989,-1.88892,6,0.0,287.45,45.9,54.0,54.0,OK
62377,28.3,338.0,309.7,4.8,52.484184,-1.890168,8,3.69,21.11,45.0,12.0,12.0,OK
62493,107.1,345.0,237.9,5.76,52.484222,-1.88956,9,4.15,96.91,103.78,156.0,156.0,OK
62705,0.1,358.0,357.9,1.92,52.484073,-1.889315,5,0.0,10.5,90.77,0.0,0.0,OK
63013,3.2,318.0,314.8,0.0,52.484046,-1.889295,6,0.0,280.24,45.0,2.0,2.0,OK
63221,334.1,263.0,288.9,1.44,52.483989,-1.88892,7,0.0,287.45,45.9,54.0,54.0,OK
63447,19.3,332.0,312.7,4.8,52.484191,-1.890158,9,4.0,20.02,45.0,6.0,6.0,OK
63544,106.2,348.0,241.8,5.76,52.484218,-1.889542,9,4.2,91.89,105.03,148.0,148.0,OK
63737,0.1,36.0,35.9,1.92,52.484073,-1.889315,5,0.0,10.5,90.77,0.0,0.0,OK
64059,3.2,318.0,314.8,0.0,52.484046,-1.889295,6,0.0,280.24,45.0,2.0,2.0,OK
64258,334.0,263.0,289.0,1.44,52.483989,-1.88892,7,0.0,287.45,45.95,52.0,52.0,OK
64482,23.6,325.0,301.4,4.8,52.484199,-1.890155,9,3.46,20.72,45.0,28.0,28.0,OK
64569,89.3,356.0,266.7,7.2,52.484214,-1.889522,8,5.37,102.54,114.29,98.0,98.0,OK
64783,0.1,36.0,35.9,1.92,52.484073,-1.889315,5,0.0,10.5,90.77,0.0,0.0,OK
65091,3.2,318.0,314.8,0.0,52.484046,-1.889295,6,0.0,280.24,45.0,2.0,2.0,OK
65301,334.0,263.0,289.0,1.44,52.483989,-1.88892,7,0.0,287.45,45.95,52.0,52.0,OK
65516,48.5,301.0,252.5,4.8,52.484207,-1.890152,9,3.65,21.67,45.0,126.0,126.0,OK
65624,85.7,0.0,274.3,7.2,52.48421,-1.889493,9,7.15,107.8,117.52,82.0,82.0,OK
65819,0.1,35.0,34.9,1.44,52.484073,-1.889315,5,0.0,10.5,90.77,0.0,0.0,OK
66158,3.2,318.0,314.8,0.0,52.484046,-1.889295,6,0.0,280.24,45.0,2.0,2.0,OK
66355,334.0,263.0,289.0,1.44,52.483989,-1.88892,7,0.0,287.45,45.95,52.0,52.0,OK
66550,30.0,285.0,255.0,4.8,52.484218,-1.890138,9,3.19,35.91,45.0,120.0,120.0,OK
66656,86.2,1.0,274.8,7.2,52.484207,-1.889472,8,5.19,101.43,118.26,82.0,82.0,OK
66885,0.2,33.0,32.8,1.44,52.484073,-1.889315,5,0.0,10.5,90.72,0.0,0.0,OK
67194,3.2,318.0,314.8,0.0,52.484046,-1.889295,6,0.0,280.24,45.0,2.0,2.0,OK
67388,334.0,263.0,289.0,1.44,52.483989,-1.88892,7,0.0,287.45,45.95,52.0,52.0,OK
67598,34.1,280.0,245.9,4.8,52.484218,-1.890133,9,1.76,40.04,45.0,140.0,140.0,OK
67690,108.7,1.0,252.3,7.2,52.484203,-1.889453,8,4.59,99.29,108.04,126.0,126.0,OK
67920,0.2,33.0,32.8,1.44,52.484073,-1.889315,5,0.0,10.5,90.72,0.0,0.0,OK
68227,3.2,318.0,314.8,0.0,52.484046,-1.889295,6,0.0,280.24,45.0,2.0,2.0,OK
68421,334.0,263.0,289.0,1.44,52.483989,-1.88892,7,0.0,287.45,45.95,52.0,52.0,OK
68660,14.5,278.0,263.5,4.8,52.484214,-1.89013,9,0.0,188.79,45.0,104.0,104.0,OK
68737,127.3,0.0,232.7,7.2,52.484199,-1.889432,9,7.15,113.59,100.15,166.0,166.0,OK
68952,0.1,33.0,32.9,1.44,52.484073,-1.889315,5,0.0,10.5,90.77,0.0,0.0,OK
69262,3.2,318.0,314.8,0.0,52.484046,-1.889295,6,0.0,280.24,45.0,2.0,2.0,OK
69458,334.0,263.0,289.0,1.44,52.483989,-1.88892,7,0.0,287.45,45.95,52.0,52.0,OK
69693,16.2,279.0,262.8,4.8,52.484214,-1.890127,9,0.0,326.9,45.0,106.0,106.0,OK
69776,145.4,0.0,214.6,5.76,52.484191,-1.88941,9,4.78,109.8,92.07,180.0,180.0,OK
69983,0.1,33.0,32.9,1.44,52.484073,-1.889315,5,0.0,10.5,90.77,0.0,0.0,OK
70309,3.2,318.0,314.8,0.0,52.484046,-1.889295,6,0.0,280.24,45.0,2.0,2.0,OK
70493,334.0,263.0,289.0,0.96,52.483989,-1.88892,7,0.0,287.45,45.95,52.0,52.0,OK
70726,17.5,314.0,296.5,4.8,52.484214,-1.890127,9,0.0,81.11,45.0,38.0,38.0,OK
70842,151.9,342.0,190.1,5.76,52.484188,-1.889392,9,5.09,115.01,90.42,180.0,180.0,OK
71033,0.1,32.0,31.9,1.92,52.484073,-1.889315,5,0.0,10.5,90.77,0.0,0.0,OK
71363,3.2,318.0,314.8,0.0,52.484046,-1.889295,6,0.0,280.24,45.0,2.0,2.0,OK
71563,334.0,263.0,289.0,0.96,52.483989,-1.88892,7,0.0,287.45,45.95,52.0,52.0,OK
71775,15.6,281.0,265.4,4.32,52.484214,-1.890127,8,0.0,81.11,45.0,100.0,100.0,OK
71874,154.5,339.0,184.5,5.76,52.48418,-1.889373,9,5.76,128.32,90.45,180.0,180.0,OK
72085,0.1,30.0,29.9,1.92,52.484073,-1.889315,5,0.0,10.5,90.77,0.0,0.0,OK
72399,3.2,318.0,314.8,0.0,52.484046,-1.889295,6,0.0,280.24,45.0,2.0,2.0,OK
72597,334.0,263.0,289.0,0.96,52.483989,-1.88892,7,0.0,287.45,45.95,52.0,52.0,OK
72809,14.2,274.0,259.8,4.32,52.484214,-1.890127,9,0.0,81.11,45.0,112.0,112.0,OK
72906,158.9,328.0,169.1,5.76,52.484165,-1.889348,9,4.33,130.7,89.8,180.0,180.0,OK
73117,0.3,28.0,27.7,1.92,52.484073,-1.889315,5,0.0,10.5,90.67,0.0,0.0,OK
73433,3.4,318.0,314.6,0.0,52.484046,-1.889295,6,0.0,280.24,45.0,2.0,2.0,OK
73635,334.0,263.0,289.0,0.96,52.483989,-1.88892,7,0.0,287.45,45.95,52.0,52.0,OK
73869,15.9,276.0,260.1,4.32,52.484214,-1.890127,8,0.0,81.11,45.0,110.0,110.0,OK
73939,132.1,307.0,174.9,5.28,52.484157,-1.889333,9,3.83,140.67,104.43,180.0,180.0,OK
74151,0.4,27.0,26.6,1.92,52.484073,-1.889315,5,0.0,10.5,90.62,0.0,0.0,OK
74465,3.3,318.0,314.7,0.0,52.484046,-1.889295,6,0.0,280.24,45.0,2.0,2.0,OK
74669,334.0,263.0,289.0,0.96,52.483989,-1.88892,7,0.0,287.45,45.95,52.0,52.0,OK
74905,14.3,264.0,249.7,4.32,52.484214,-1.890127,9,0.0,81.11,45.0,132.0,132.0,OK
74990,144.6,310.0,165.4,5.28,52.484149,-1.889318,9,5.09,117.49,100.21,180.0,180.0,OK
75197,0.4,328.0,327.6,0.96,52.484073,-1.889315,5,0.0,10.5,90.62,0.0,0.0,OK
75502,3.3,318.0,314.7,0.0,52.484046,-1.889295,6,0.0,280.24,45.0,2.0,2.0,OK
75716,334.0,263.0,289.0,0.48,52.483989,-1.88892,7,0.0,287.45,45.95,52.0,52.0,OK
75938,29.2,264.0,234.8,4.32,52.484214,-1.890127,9,0.0,81.11,45.0,162.0,162.0,OK
76046,173.5,299.0,125.5,5.28,52.484142,-1.889315,8,4.02,150.97,85.66,160.0,160.0,OK
76221,0.4,248.0,247.6,0.96,52.484073,-1.889315,5,0.0,10.5,90.62,136.0,136.0,OK
76572,3.3,318.0,314.7,0.0,52.484046,-1.889295,6,0.0,280.24,45.0,2.0,2.0,OK
76774,334.0,263.0,289.0,0.48,52.483989,-1.88892,7,0.0,287.45,45.95,52.0,52.0,OK
76972,22.9,257.0,234.1,7.2,52.484214,-1.890127,9,0.0,81.11,45.0,162.0,162.0,OK
77081,187.1,293.0,105.9,5.28,52.484134,-1.889318,9,2.17,212.27,77.55,120.0,120.0,OK
77267,0.4,251.0,250.6,0.96,52.484073,-1.889315,5,0.0,10.5,90.62,130.0,130.0,OK
77605,3.3,318.0,314.7,0.0,52.484046,-1.889295,6,0.0,280.24,45.0,2.0,2.0,OK
77808,334.0,263.0,289.0,0.48,52.483989,-1.88892,7,0.0,287.45,45.95,52.0,52.0,OK
78019,11.5,262.0,250.5,7.2,52.484214,-1.890127,9,0.0,81.11,45.0,130.0,130.0,OK
78114,173.6,0.0,186.4,5.28,52.484123,-1.889315,9,3.39,192.68,83.63,180.0,180.0,OK
78302,0.4,15.0,14.6,0.96,52.484073,-1.889315,5,0.0,10.5,90.62,0.0,0.0,OK
78639,3.0,318.0,315.0,0.0,52.484046,-1.889295,6,0.0,280.24,45.0,0.0,0.0,OK
78845,334.0,270.0,296.0,0.48,52.483989,-1.88892,7,0.0,287.45,45.95,38.0,38.0,OK
79077,10.3,268.0,257.7,7.2,52.484214,-1.890127,9,0.0,81.11,45.0,116.0,116.0,OK
79164,159.7,25.0,225.3,5.28,52.484111,-1.889312,9,5.69,172.59,89.99,180.0,180.0,OK
79334,0.4,304.0,303.6,0.96,52.484073,-1.889315,5,0.0,10.5,90.62,24.0,24.0,OK
79672,3.3,318.0,314.7,0.0,52.484046,-1.889295,6,0.0,280.24,45.0,2.0,2.0,OK
79893,334.0,273.0,299.0,0.48,52.483989,-1.88892,7,0.0,287.45,45.95,32.0,32.0,OK
80110,9.1,269.0,259.9,7.2,52.484214,-1.890127,9,0.0,81.11,45.0,112.0,112.0,OK
80200,140.7,274.0,133.3,5.28,52.4841,-1.889303,9,4.57,174.42,99.74,176.0,176.0,OK
80387,0.5,217.0,216.5,1.44,52.484073,-1.889315,5,0.0,10.5,90.57,180.0,180.0,OK
80718,3.3,318.0,314.7,0.0,52.484046,-1.889295,6,0.0,280.24,45.0,2.0,2.0,OK
80925,334.0,273.0,299.0,0.48,52.483989,-1.88892,7,0.0,287.45,45.95,32.0,32.0,OK
81146,7.6,271.0,263.4,7.2,52.484214,-1.890127,9,0.0,81.11,45.0,104.0,104.0,OK
81271,135.9,286.0,150.1,5.28,52.484088,-1.889287,8,4.94,151.45,106.4,180.0,180.0,OK
81424,0.5,290.0,289.5,1.44,52.484073,-1.889315,5,0.0,10.5,90.57,52.0,52.0,OK
81777,3.2,318.0,314.8,0.0,52.484046,-1.889295,6,0.0,280.24,45.0,2.0,2.0,OK
81993,334.0,273.0,299.0,0.48,52.483989,-1.88892,7,0.0,287.45,45.95,32.0,32.0,OK
82193,8.3,274.0,265.7,7.2,52.484214,-1.890127,9,0.0,81.11,45.0,100.0,100.0,OK
82304,140.0,296.0,156.0,5.28,52.484077,-1.889275,9,4.28,134.52,108.91,180.0,180.0,OK
82471,0.5,297.0,296.5,1.44,52.484073,-1.889315,5,0.0,10.5,90.57,38.0,38.0,OK
82809,3.2,318.0,314.8,0.0,52.484046,-1.889295,7,0.0,280.24,45.0,2.0,2.0,OK
83031,334.0,273.0,299.0,0.48,52.483989,-1.88892,7,0.0,287.45,45.95,32.0,32.0,OK
83227,8.7,272.0,263.3,7.2,52.484214,-1.890127,9,0.0,81.11,45.0,104.0,104.0,OK
83336,138.8,301.0,162.2,5.28,52.484069,-1.889263,9,3.94,137.63,118.14,180.0,180.0,OK
83509,0.5,297.0,296.5,1.44,52.484073,-1.889315,5,0.0,10.5,90.57,38.0,38.0,OK
83843,3.1,318.0,314.9,0.0,52.484046,-1.889295,6,0.0,280.24,45.0,2.0,2.0,OK
84067,336.8,281.0,304.2,0.48,52.483989,-1.88892,7,0.0,287.45,45.0,22.0,22.0,OK
84285,11.3,267.0,255.7,7.2,52.484214,-1.890127,8,0.0,81.11,45.0,120.0,120.0,OK
84368,148.7,304.0,155.3,4.32,52.484058,-1.889255,9,5.57,155.42,129.23,180.0,180.0,OK
84545,0.5,297.0,296.5,1.44,52.484073,-1.889315,5,0.0,10.5,90.57,38.0,38.0,OK
84886,0.5,317.0,316.5,0.0,52.484046,-1.889295,6,0.0,280.24,45.0,0.0,0.0,OK
85100,336.8,289.0,312.2,0.96,52.483989,-1.88892,7,0.0,287.45,45.0,6.0,6.0,OK
85318,7.6,267.0,259.4,7.2,52.484214,-1.890127,9,0.0,81.11,45.0,112.0,112.0,OK
85416,183.5,309.0,125.5,4.32,52.484043,-1.889248,8,5.2,160.14,135.0,160.0,160.0,OK
85598,0.4,297.0,296.6,0.96,52.484073,-1.889315,5,0.0,10.5,90.62,38.0,38.0,OK
85915,0.6,317.0,316.4,0.0,52.484046,-1.889295,7,0.0,280.24,45.0,0.0,0.0,OK
86142,342.4,301.0,318.6,0.96,52.483989,-1.88892,7,0.0,287.45,45.0,0.0,0.0,OK
86351,6.9,269.0,262.1,7.2,52.484214,-1.890127,9,0.0,81.11,45.0,106.0,106.0,OK
86470,203.4,309.0,105.6,4.32,52.484031,-1.889245,7,4.41,180.4,135.0,120.0,120.0,OK
86627,0.6,299.0,298.4,0.96,52.484073,-1.889315,5,0.0,10.5,90.52,34.0,34.0,OK
86980,0.5,317.0,316.5,0.0,52.484046,-1.889295,7,0.0,280.24,45.0,0.0,0.0,OK
87191,342.4,307.0,324.6,0.96,52.483989,-1.88892,7,0.0,287.45,45.0,0.0,0.0,OK
87389,5.3,268.0,262.7,7.2,52.484214,-1.890127,9,0.0,81.11,45.0,106.0,106.0,OK
87506,209.5,307.0,97.5,4.32,52.48402,-1.88925,8,4.0,200.25,135.0,104.0,104.0,OK
87684,0.6,300.0,299.4,0.96,52.484073,-1.889315,5,0.0,10.5,90.52,32.0,32.0,OK
88011,0.5,317.0,316.5,0.0,52.484046,-1.889295,7,0.0,280.24,45.0,0.0,0.0,OK
88220,342.4,313.0,330.6,0.96,52.483989,-1.88892,7,0.0,287.45,45.0,0.0,0.0,OK
88435,8.3,268.0,259.7,7.2,52.484214,-1.890127,9,0.0,81.11,45.0,112.0,112.0,OK
88539,207.9,297.0,89.1,4.32,52.484012,-1.889255,9,2.7,198.31,135.0,88.0,88.0,OK
88722,1.0,301.0,300.0,0.96,52.484073,-1.889315,5,0.0,10.5,90.32,30.0,30.0,OK
89038,0.5,321.0,320.5,0.0,52.484046,-1.889295,7,0.0,280.24,45.0,0.0,0.0,OK
89255,342.4,316.0,333.6,0.96,52.483989,-1.88892,6,0.0,287.45,45.0,0.0,0.0,OK
89493,9.1,263.0,253.9,7.2,52.484214,-1.890127,9,0.0,81.11,45.0,124.0,124.0,OK
89586,183.9,279.0,95.1,1.92,52.484008,-1.889258,9,0.0,197.68,135.0,100.0,100.0,OK
89758,1.2,301.0,299.8,0.96,52.484073,-1.889315,5,0.0,10.5,90.22,32.0,32.0,OK
90065,0.5,7.0,6.5,0.0,52.484046,-1.889295,7,0.0,280.24,45.0,0.0,0.0,OK
90284,342.4,334.0,351.6,2.4,52.483989,-1.88892,6,0.0,287.45,45.0,0.0,0.0,OK
90527,9.1,260.0,250.9,7.2,52.484214,-1.890127,9,0.0,81.11,45.0,130.0,130.0,OK
90624,145.3,275.0,129.7,1.92,52.484012,-1.88926,9,0.0,326.01,45.0,168.0,168.0,OK
90796,1.1,301.0,299.9,0.96,52.484073,-1.889315,5,0.0,10.5,90.27,32.0,32.0,OK
91108,0.5,33.0,32.5,0.0,52.484046,-1.889295,7,0.0,280.24,45.0,0.0,0.0,OK
91312,342.3,348.0,5.7,2.4,52.483989,-1.88892,6,0.0,287.45,45.0,0.0,0.0,OK
91561,10.5,266.0,255.5,7.2,52.484214,-1.890127,8,0.0,81.11,45.0,120.0,120.0,OK
91674,118.9,275.0,156.1,1.92,52.484012,-1.88926,9,0.0,40.31,45.0,180.0,180.0,OK
92158,0.5,35.0,34.5,0.0,52.484046,-1.889295,7,0.0,280.24,45.0,0.0,0.0,OK
92374,342.3,0.0,17.7,2.4,52.483989,-1.88892,6,0.0,287.45,45.0,0.0,0.0,OK
92610,14.0,266.0,252.0,7.2,52.484214,-1.890127,8,0.0,81.11,45.0,126.0,126.0,OK
92703,93.5,319.0,225.5,1.92,52.484012,-1.88926,9,0.0,40.31,45.0,180.0,180.0,OK
93187,0.5,35.0,34.5,0.0,52.484046,-1.889295,7,0.0,280.24,45.0,0.0,0.0,OK
93402,342.4,0.0,17.6,2.4,52.483989,-1.88892,6,0.0,287.45,45.0,0.0,0.0,OK
93649,14.9,266.0,251.1,7.2,52.484214,-1.890127,8,0.0,81.11,45.0,128.0,128.0,OK
93739,53.6,318.0,264.4,1.92,52.484012,-1.88926,9,0.0,40.31,56.56,102.0,102.0,OK
94217,0.5,35.0,34.5,0.0,52.484046,-1.889295,7,0.0,280.24,45.0,0.0,0.0,OK
94433,342.4,0.0,17.6,2.4,52.483989,-1.88892,6,0.0,287.45,45.0,0.0,0.0,OK
94717,14.8,261.0,246.2,7.2,52.484214,-1.890127,8,0.0,81.11,45.0,138.0,138.0,OK
94774,27.4,322.0,294.6,2.4,52.484012,-1.88926,9,0.0,40.31,69.66,42.0,42.0,OK
95259,0.6,35.0,34.4,0.0,52.484046,-1.889295,7,0.0,280.24,45.0,0.0,0.0,OK
95463,343.2,0.0,16.8,3.36,52.483989,-1.88892,6,0.0,287.45,45.0,0.0,0.0,OK
95752,16.9,267.0,250.1,7.2,52.484214,-1.890127,8,0.0,81.11,45.0,130.0,130.0,OK
95808,9.6,351.0,341.4,2.4,52.484012,-1.88926,9,0.0,40.31,78.56,0.0,0.0,OK
96287,0.6,35.0,34.4,0.0,52.484046,-1.889295,7,0.0,280.24,45.0,0.0,0.0,OK
96492,2.0,318.0,316.0,3.36,52.483989,-1.88892,6,0.0,287.45,45.0,0.0,0.0,OK
96785,18.3,257.0,238.7,6.72,52.484214,-1.890127,8,0.0,81.11,45.0,154.0,154.0,OK
96859,356.7,0.0,3.3,2.4,52.484012,-1.88926,9,0.0,40.31,85.01,0.0,0.0,OK
97339,0.6,35.0,34.4,0.0,52.484046,-1.889295,7,0.0,280.24,45.0,0.0,0.0,OK
97546,34.7,253.0,218.3,3.36,52.483989,-1.88892,6,0.0,287.45,45.0,180.0,180.0,OK
97820,19.2,257.0,237.8,6.72,52.484214,-1.890127,9,0.0,81.11,45.0,156.0,156.0,OK
97887,342.1,0.0,17.9,2.4,52.484012,-1.88926,9,0.0,40.31,92.31,0.0,0.0,OK
98368,0.7,35.0,34.3,0.0,52.484046,-1.889295,7,0.0,280.24,45.0,0.0,0.0,OK
98579,16.9,333.0,316.1,3.36,52.483989,-1.88892,7,0.0,287.45,45.0,0.0,0.0,OK
98875,19.2,264.0,244.8,6.72,52.484214,-1.890127,9,0.0,81.11,45.0,142.0,142.0,OK
98918,335.1,32.0,56.9,2.88,52.484031,-1.889302,9,0.0,40.31,125.23,22.0,22.0,OK
99396,0.7,35.0,34.3,0.0,52.484046,-1.889295,7,0.0,280.24,45.0,0.0,0.0,OK
99611,11.4,354.0,342.6,3.36,52.483989,-1.88892,7,0.0,287.45,45.0,0.0,0.0,OK
99929,15.6,275.0,259.4,6.72,52.484214,-1.890127,9,0.0,81.11,45.0,112.0,112.0,OK
99970,306.1,32.0,85.9,2.88,52.484043,-1.889305,9,3.46,345.49,135.0,80.0,80.0,OK
100428,0.7,35.0,34.3,0.0,52.484046,-1.889295,7,0.0,280.24,45.0,0.0,0.0,OK
100654,9.5,356.0,346.5,2.88,52.483989,-1.88892,7,0.0,287.45,45.0,0.0,0.0,OK
100962,19.7,260.0,240.3,6.72,52.484214,-1.890127,9,0.0,81.11,45.0,150.0,150.0,OK
101006,282.0,32.0,110.0,2.88,52.484046,-1.88931,9,2.93,343.74,135.0,130.0,130.0,OK
101470,0.7,35.0,34.3,0.0,52.484046,-1.889295,7,0.0,280.24,45.0,0.0,0.0,OK
101685,350.5,356.0,5.5,2.88,52.483989,-1.88892,7,0.0,287.45,45.0,0.0,0.0,OK
101995,17.3,264.0,246.7,6.72,52.484214,-1.890127,9,0.0,81.11,45.0,138.0,138.0,OK
102066,285.5,36.0,110.5,2.88,52.48405,-1.889313,9,2.83,339.06,135.0,130.0,130.0,OK
102521,0.7,35.0,34.3,0.0,52.484046,-1.889295,7,0.0,280.24,45.0,0.0,0.0,OK
102749,345.7,0.0,14.3,2.88,52.483989,-1.88892,7,0.0,287.45,45.0,0.0,0.0,OK
103044,17.3,263.0,245.7,6.72,52.484214,-1.890127,9,0.0,81.11,45.0,140.0,140.0,OK
103102,285.5,43.0,117.5,2.88,52.48405,-1.889317,9,2.07,327.36,135.0,144.0,144.0,OK
103549,0.7,35.0,34.3,0.0,52.484046,-1.889295,7,0.0,280.24,45.0,0.0,0.0,OK
103778,328.5,8.0,39.5,2.88,52.483989,-1.88892,7,0.0,287.45,48.7,0.0,0.0,OK
104080,17.4,267.0,249.6,6.72,52.484214,-1.890127,9,0.0,81.11,45.0,132.0,132.0,OK
104135,285.6,43.0,117.4,2.88,52.484046,-1.889318,8,0.0,273.35,135.0,144.0,144.0,OK
104578,0.7,35.0,34.3,0.0,52.484046,-1.889295,7,0.0,280.24,45.0,0.0,0.0,OK
104810,5.9,32.0,26.1,2.88,52.483943,-1.88929,7,0.0,287.45,45.0,0.0,0.0,OK
105137,18.2,253.0,234.8,6.72,52.484214,-1.890127,9,0.0,81.11,45.0,162.0,162.0,OK
105167,285.8,43.0,117.2,2.88,52.484046,-1.88932,9,0.0,194.27,135.0,144.0,144.0,OK
105620,0.7,34.0,33.3,0.0,52.484046,-1.889295,7,0.0,280.24,45.0,0.0,0.0,OK
105838,17.0,0.0,343.0,2.88,52.48394,-1.889278,7,3.33,107.68,45.0,0.0,0.0,OK
106170,19.5,255.0,235.5,6.72,52.484214,-1.890127,9,0.0,81.11,45.0,160.0,160.0,OK
106206,285.8,43.0,117.2,2.88,52.484046,-1.88932,9,0.0,126.56,135.0,144.0,144.0,OK
106651,0.8,32.0,31.2,0.0,52.484046,-1.889295,7,0.0,280.24,45.0,0.0,0.0,OK
106866,10.1,0.0,349.9,2.88,52.483943,-1.889267,7,3.2,134.84,45.0,0.0,0.0,OK
107203,20.0,248.0,228.0,5.28,52.484214,-1.890127,8,0.0,81.11,45.0,174.0,174.0,OK
107250,285.8,43.0,117.2,2.88,52.484046,-1.88932,8,0.0,126.56,135.0,144.0,144.0,OK
107716,0.8,31.0,30.2,0.0,52.484046,-1.889295,7,0.0,280.24,45.0,0.0,0.0,OK
107919,21.3,0.0,338.7,2.88,52.483947,-1.889253,7,3.85,134.68,45.0,0.0,0.0,OK
108237,21.9,251.0,229.1,5.28,52.484214,-1.890127,9,0.0,81.11,45.0,172.0,172.0,OK
108288,285.8,43.0,117.2,2.88,52.484046,-1.88932,8,0.0,126.56,135.0,144.0,144.0,OK
108744,0.8,31.0,30.2,0.0,52.484046,-1.889295,7,0.0,280.24,45.0,0.0,0.0,OK
108952,20.1,346.0,325.9,2.88,52.483943,-1.889245,7,3.44,151.15,45.0,0.0,0.0,OK
109274,26.2,256.0,229.8,5.28,52.484214,-1.890127,9,0.0,81.11,45.0,172.0,172.0,OK
109326,285.8,43.0,117.2,1.44,52.484046,-1.88932,9,0.0,126.56,135.0,144.0,144.0,OK
109772,1.0,30.0,29.0,0.0,52.484046,-1.889295,7,0.0,280.24,45.0,0.0,0.0,OK
109982,42.3,345.0,302.7,2.88,52.483947,-1.88924,7,2.61,150.07,45.0,26.0,26.0,OK
110325,28.6,251.0,222.4,5.28,52.484214,-1.890127,8,0.0,81.11,45.0,180.0,180.0,OK
110354,285.8,43.0,117.2,1.44,52.484046,-1.88932,8,0.0,126.56,135.0,144.0,144.0,OK
110800,1.9,30.0,28.1,0.0,52.484046,-1.889295,7,0.0,280.24,45.0,0.0,0.0,OK
111030,40.1,344.0,303.9,3.36,52.483947,-1.889235,7,2.06,154.67,45.0,24.0,24.0,OK
111356,27.9,246.0,218.1,4.8,52.484214,-1.890127,9,0.0,81.11,45.0,180.0,180.0,OK
111394,285.8,43.0,117.2,1.44,52.484046,-1.88932,8,0.0,126.56,135.0,144.0,144.0,OK
111832,1.9,29.0,27.1,0.0,52.484046,-1.889295,7,0.0,280.24,45.0,0.0,0.0,OK
112063,39.8,342.0,302.2,3.36,52.483951,-1.88923,7,1.8,151.13,45.0,26.0,26.0,OK
112388,26.6,246.0,219.4,4.8,52.484214,-1.890127,9,0.0,81.11,45.0,180.0,180.0,OK
112452,285.8,43.0,117.2,1.44,52.484046,-1.88932,8,0.0,126.56,135.0,144.0,144.0,OK
112880,2.0,29.0,27.0,0.0,52.484046,-1.889295,7,0.0,280.24,45.0,0.0,0.0,OK
113132,40.0,341.0,301.0,3.36,52.483951,-1.889225,7,0.0,162.32,45.0,28.0,28.0,OK
113430,26.9,248.0,221.1,4.8,52.484214,-1.890127,9,0.0,81.11,45.0,180.0,180.0,OK
113504,285.7,43.0,117.3,1.44,52.484046,-1.88932,8,0.0,126.56,135.0,144.0,144.0,OK
113910,2.0,29.0,27.0,0.0,52.484046,-1.889295,7,0.0,280.24,45.0,0.0,0.0,OK
114168,47.4,339.0,291.6,3.36,52.483951,-1.889215,7,0.0,163.8,45.0,48.0,48.0,OK
114463,27.1,248.0,220.9,4.8,52.484214,-1.890127,9,0.0,81.11,45.0,180.0,180.0,OK
114529,285.7,43.0,117.3,1.44,52.484046,-1.88932,9,0.0,126.56,135.0,144.0,144.0,OK
114938,2.0,29.0,27.0,0.0,52.484046,-1.889295,7,0.0,280.24,45.0,0.0,0.0,OK
115205,65.5,333.0,267.5,2.4,52.483951,-1.889202,7,2.5,161.57,135.0,96.0,96.0,OK
115514,27.1,248.0,220.9,4.8,52.484214,-1.890127,9,0.0,81.11,45.0,180.0,180.0,OK
115569,285.7,43.0,117.3,1.44,52.484046,-1.88932,9,0.0,126.56,135.0,144.0,144.0,OK
115980,2.3,29.0,26.7,0.0,52.484046,-1.889295,7,0.0,280.24,45.0,0.0,0.0,OK
116239,62.9,328.0,265.1,2.4,52.483947,-1.889202,7,2.26,183.41,135.0,100.0,100.0,OK
116544,25.9,248.0,222.1,4.8,52.484214,-1.890127,9,0.0,81.11,45.0,180.0,180.0,OK
116606,285.7,43.0,117.3,1.44,52.484046,-1.88932,8,0.0,126.56,135.0,144.0,144.0,OK
117011,2.3,29.0,26.7,0.0,52.484046,-1.889295,7,0.0,280.24,45.0,0.0,0.0,OK
117285,59.9,320.0,260.1,2.4,52.483943,-1.8892,7,2.15,191.23,45.0,110.0,110.0,OK
117578,25.5,245.0,219.5,4.8,52.484214,-1.890127,9,0.0,81.11,45.0,180.0,180.0,OK
117667,285.7,43.0,117.3,1.44,52.484046,-1.88932,8,0.0,126.56,135.0,144.0,144.0,OK
118073,2.4,29.0,26.6,0.0,52.484046,-1.889295,7,0.0,280.24,45.0,0.0,0.0,OK
118341,59.8,319.0,259.2,2.4,52.48394,-1.8892,7,2.28,221.71,45.0,112.0,112.0,OK
118608,25.0,244.0,219.0,4.8,52.484214,-1.890127,9,0.0,81.11,45.0,180.0,180.0,OK
118719,285.7,43.0,117.3,1.44,52.484046,-1.88932,8,0.0,126.56,135.0,144.0,144.0,OK
119102,2.4,305.0,302.6,0.0,52.484046,-1.889295,7,0.0,280.24,45.0,26.0,26.0,OK
119373,53.9,308.0,254.1,2.4,52.483936,-1.889192,7,2.17,172.3,45.0,118.0,122.0,OK
119644,25.2,251.0,225.8,4.8,52.484214,-1.890127,9,0.0,81.11,45.0,180.0,180.0,OK
119744,285.7,43.0,117.3,0.48,52.484046,-1.88932,8,0.0,126.56,135.0,144.0,144.0,OK
120135,2.3,174.0,171.7,0.0,52.484046,-1.889295,7,0.0,280.24,45.0,180.0,180.0,OK
120414,50.4,308.0,257.6,2.88,52.483932,-1.889192,7,1.83,173.01,45.0,116.0,116.0,OK
120697,24.1,256.0,231.9,4.8,52.484214,-1.890127,9,0.0,81.11,45.0,168.0,168.0,OK
120785,285.7,43.0,117.3,0.48,52.484046,-1.88932,8,0.0,126.56,135.0,144.0,144.0,OK
121167,2.6,329.0,326.4,0.0,52.484046,-1.889295,7,0.0,280.24,45.0,0.0,0.0,OK
121460,41.9,307.0,265.1,2.88,52.483928,-1.889178,7,1.96,126.64,45.0,100.0,100.0,OK
121731,24.1,256.0,231.9,5.28,52.484214,-1.890127,8,0.0,81.11,45.0,168.0,168.0,OK
121824,285.7,43.0,117.3,0.48,52.484046,-1.88932,8,0.0,126.56,135.0,144.0,144.0,OK
122199,2.4,336.0,333.6,0.0,52.484046,-1.889295,7,0.0,280.24,45.0,0.0,0.0,OK
122494,44.1,314.0,269.9,2.88,52.483928,-1.889172,7,1.65,133.35,45.0,92.0,92.0,OK
122769,24.8,262.0,237.2,5.28,52.484214,-1.890127,9,0.0,81.11,45.0,156.0,156.0,OK
122885,285.7,43.0,117.3,0.48,52.484046,-1.88932,8,0.0,126.56,135.0,144.0,144.0,OK
123247,2.5,340.0,337.5,0.0,52.484046,-1.889295,7,0.0,280.24,45.0,0.0,0.0,OK
123563,92.2,13.0,280.8,2.88,52.483924,-1.889168,7,0.0,127.38,135.0,70.0,70.0,OK
123815,25.9,255.0,229.1,5.28,52.484214,-1.890127,9,0.0,81.11,45.0,172.0,172.0,OK
123911,285.7,43.0,117.3,0.96,52.484046,-1.88932,8,0.0,126.56,135.0,144.0,144.0,OK
124275,2.5,350.0,347.5,0.0,52.484046,-1.889295,7,0.0,280.24,45.0,0.0,0.0,OK
124597,110.0,11.0,261.0,2.88,52.483924,-1.889172,6,0.0,158.51,135.0,108.0,108.0,OK
124853,26.0,257.0,231.0,5.28,52.484214,-1.890127,9,0.0,81.11,45.0,168.0,168.0,OK
124936,285.7,43.0,117.3,0.96,52.484046,-1.88932,8,0.0,126.56,135.0,144.0,144.0,OK
125305,2.5,351.0,348.5,0.48,52.484046,-1.889295,7,0.0,280.24,45.0,0.0,0.0,OK
125633,62.2,0.0,297.8,2.4,52.483924,-1.889172,6,0.0,141.39,125.0,36.0,36.0,OK
125922,25.9,267.0,241.1,5.28,52.484214,-1.890127,9,0.0,81.11,45.0,148.0,148.0,OK
125964,285.7,43.0,117.3,0.96,52.484046,-1.88932,9,0.0,126.56,135.0,144.0,144.0,OK
126349,2.5,5.0,2.5,0.48,52.484046,-1.889295,7,0.0,280.24,45.0,0.0,0.0,OK
126668,55.3,0.0,304.7,2.4,52.483924,-1.889172,7,0.0,141.39,45.0,22.0,22.0,OK
126955,26.9,272.0,245.1,5.76,52.484214,-1.890127,9,0.0,81.11,45.0,140.0,140.0,OK
127002,285.7,43.0,117.3,0.96,52.484046,-1.88932,9,0.0,126.56,135.0,144.0,144.0,OK
127382,2.5,78.0,75.5,0.48,52.484046,-1.889295,7,0.0,280.24,45.0,60.0,60.0,OK
127717,62.5,0.0,297.5,2.4,52.483924,-1.889172,7,0.0,141.39,45.0,36.0,36.0,OK
127989,34.9,267.0,232.1,5.76,52.484214,-1.890127,9,0.0,81.11,45.0,166.0,166.0,OK
128060,285.7,43.0,117.3,0.96,52.484046,-1.88932,9,0.0,126.56,135.0,144.0,144.0,OK
128448,2.5,93.0,90.5,0.48,52.484046,-1.889295,7,0.0,280.24,45.0,90.0,90.0,OK
128770,60.4,0.0,299.6,2.4,52.483924,-1.889172,7,0.0,141.39,45.0,32.0,32.0,OK
129030,21.4,267.0,245.6,5.76,52.484214,-1.890127,9,0.0,81.11,45.0,140.0,140.0,OK
129101,285.7,43.0,117.3,0.96,52.484046,-1.88932,9,0.0,126.56,135.0,144.0,144.0,OK
129480,2.5,105.0,102.5,0.48,52.484046,-1.889295,7,0.0,280.24,45.0,114.0,114.0,OK
129806,54.8,0.0,305.2,2.4,52.483924,-1.889172,7,0.0,141.39,45.0,20.0,20.0,OK
130062,19.7,266.0,246.3,5.76,52.484214,-1.890127,9,0.0,81.11,45.0,138.0,138.0,OK
130126,285.7,43.0,117.3,0.96,52.484046,-1.88932,8,0.0,126.56,135.0,144.0,144.0,OK
130513,2.5,105.0,102.5,0.96,52.484046,-1.889295,7,0.0,280.24,45.0,114.0,114.0,OK
130838,49.0,0.0,311.0,1.44,52.483924,-1.889172,7,0.0,141.39,45.0,8.0,8.0,OK
131117,19.9,266.0,246.1,5.76,52.484214,-1.89007,9,1.52,56.85,45.0,138.0,138.0,OK
131153,285.7,43.0,117.3,0.96,52.484046,-1.88932,9,0.0,126.56,135.0,144.0,144.0,OK
131545,2.5,105.0,102.5,0.96,52.484046,-1.889295,7,0.0,280.24,45.0,114.0,114.0,OK
131886,48.8,0.0,311.2,1.44,52.483924,-1.889172,7,0.0,141.39,45.0,8.0,8.0,OK
132151,22.2,266.0,243.8,4.8,52.484207,-1.890093,9,0.0,302.86,45.0,144.0,144.0,OK
132192,285.7,43.0,117.3,0.96,52.484046,-1.88932,8,0.0,126.56,135.0,144.0,144.0,OK
132583,2.5,105.0,102.5,0.96,52.484046,-1.889295,7,0.0,280.24,45.0,114.0,114.0,OK
132923,63.4,0.0,296.6,1.44,52.483924,-1.889172,7,0.0,141.39,45.0,38.0,38.0,OK
133186,30.7,265.0,234.3,4.8,52.48421,-1.890097,9,0.0,350.43,45.0,162.0,162.0,OK
133238,285.7,43.0,117.3,0.96,52.484046,-1.88932,8,0.0,126.56,135.0,144.0,144.0,OK
133636,2.5,105.0,102.5,0.96,52.484046,-1.889295,7,0.0,280.24,45.0,114.0,114.0,OK
133990,59.5,0.0,300.5,1.44,52.483917,-1.88917,7,3.69,186.01,45.0,30.0,30.0,OK
134223,34.2,266.0,231.8,4.8,52.484207,-1.890097,9,0.0,350.23,45.0,168.0,168.0,OK
134277,285.7,43.0,117.3,1.44,52.484046,-1.88932,8,0.0,126.56,135.0,144.0,144.0,OK
134667,2.5,105.0,102.5,0.96,52.484046,-1.889295,7,0.0,280.24,45.0,114.0,114.0,OK
135026,47.8,0.0,312.2,1.44,52.483909,-1.889172,7,3.59,183.79,45.0,6.0,6.0,OK
135261,33.4,267.0,233.6,4.8,52.484207,-1.890097,9,0.0,350.23,45.0,164.0,164.0,OK
135307,285.7,43.0,117.3,1.44,52.484046,-1.88932,8,0.0,126.56,135.0,144.0,144.0,OK
135700,2.5,105.0,102.5,1.92,52.484046,-1.889295,7,0.0,280.24,45.0,114.0,114.0,OK
136054,37.7,0.0,322.3,1.92,52.483901,-1.889173,7,3.15,174.26,45.0,0.0,0.0,OK
136329,30.4,266.0,235.6,4.8,52.484207,-1.890097,9,0.0,350.23,45.0,160.0,160.0,OK
136344,285.7,42.0,116.3,1.44,52.484046,-1.88932,8,0.0,126.56,135.0,142.0,142.0,OK
136748,3.1,105.0,101.9,1.92,52.484046,-1.889295,7,0.0,280.24,45.0,112.0,112.0,OK
137083,33.3,0.0,326.7,1.92,52.483898,-1.889175,7,3.28,178.42,45.0,0.0,0.0,OK
137363,29.8,265.0,235.2,4.32,52.484207,-1.890097,9,0.0,350.23,45.0,160.0,160.0,OK
137381,285.7,41.0,115.3,1.44,52.484046,-1.88932,8,0.0,126.56,135.0,140.0,140.0,OK
137783,6.5,106.0,99.5,1.92,52.484046,-1.889295,7,0.0,280.24,45.0,108.0,108.0,OK
138127,45.1,0.0,314.9,1.92,52.483886,-1.889177,7,3.3,173.73,45.0,2.0,2.0,OK
138398,29.1,260.0,230.9,4.32,52.484207,-1.890097,9,0.0,350.23,45.0,170.0,170.0,OK
138439,285.7,41.0,115.3,1.44,52.484046,-1.88932,8,0.0,126.56,135.0,140.0,140.0,OK
138853,7.1,111.0,103.9,1.92,52.484046,-1.889295,7,0.0,280.24,45.0,116.0,116.0,OK
139185,84.3,0.0,275.7,1.92,52.483882,-1.889177,7,3.35,176.61,135.0,80.0,80.0,OK
139431,29.0,256.0,227.0,4.32,52.484207,-1.890097,9,0.0,350.23,45.0,176.0,176.0,OK
139478,285.7,33.0,107.3,1.92,52.484046,-1.88932,8,0.0,126.56,135.0,124.0,124.0,OK
139886,9.8,131.0,121.2,1.92,52.484046,-1.889295,7,0.0,280.24,45.0,152.0,152.0,OK
140221,102.7,0.0,257.3,2.88,52.483875,-1.88918,7,1.8,196.48,135.0,116.0,116.0,OK
140469,28.9,256.0,227.1,4.32,52.484214,-1.890097,9,2.37,6.16,45.0,176.0,176.0,OK
140518,285.7,32.0,106.3,1.92,52.484046,-1.88932,8,0.0,126.56,135.0,122.0,122.0,OK
140919,7.0,132.0,125.0,1.92,52.484046,-1.889295,7,0.0,280.24,45.0,160.0,160.0,OK
141254,109.0,0.0,251.0,2.88,52.483871,-1.889187,7,2.02,224.96,135.0,128.0,128.0,OK
141527,27.6,256.0,228.4,3.36,52.48421,-1.89011,9,1.69,357.63,45.0,174.0,174.0,OK
141545,285.7,32.0,106.3,1.92,52.484046,-1.88932,8,0.0,126.56,135.0,122.0,122.0,OK
141955,1.0,134.0,133.0,1.92,52.484046,-1.889295,7,0.0,280.24,45.0,176.0,176.0,OK
142302,82.0,359.0,277.0,2.88,52.483867,-1.889197,7,2.52,223.98,135.0,76.0,76.0,OK
142562,23.6,256.0,232.4,3.36,52.484214,-1.890118,9,1.81,0.42,45.0,166.0,166.0,OK
142582,285.7,32.0,106.3,1.92,52.484046,-1.88932,8,0.0,126.56,135.0,122.0,122.0,OK
143336,64.9,358.0,293.1,2.88,52.48386,-1.889203,7,3.96,204.94,45.0,44.0,44.0,OK
143597,22.2,256.0,233.8,3.36,52.484218,-1.89012,9,1.59,348.42,45.0,164.0,164.0,OK
143641,285.7,31.0,105.3,1.92,52.484046,-1.88932,8,0.0,126.56,135.0,120.0,120.0,OK
144404,61.8,0.0,298.2,2.88,52.483848,-1.88921,7,3.78,203.91,45.0,34.0,34.0,OK
144645,22.7,256.0,233.3,3.36,52.484218,-1.890122,9,1.5,348.94,45.0,164.0,164.0,OK
144666,285.7,30.0,104.3,1.92,52.484046,-1.88932,8,0.0,126.56,135.0,118.0,118.0,OK
145438,57.8,0.0,302.2,2.88,52.48384,-1.889217,7,4.06,198.61,45.0,26.0,26.0,OK
145682,21.3,256.0,234.7,3.36,52.484218,-1.890122,9,0.0,350.32,45.0,162.0,162.0,OK
145703,285.7,30.0,104.3,1.92,52.484046,-1.88932,8,0.0,126.56,135.0,118.0,118.0,OK
146471,62.8,0.0,297.2,2.88,52.483833,-1.889222,6,3.94,202.68,45.0,36.0,36.0,OK
146735,285.7,29.0,103.3,1.92,52.484046,-1.88932,8,0.0,126.56,135.0,116.0,116.0,OK
146754,22.5,256.0,233.5,2.88,52.484222,-1.890122,9,0.0,353.06,45.0,164.0,164.0,OK
147506,102.6,0.0,257.4,2.88,52.483829,-1.889228,7,3.37,210.5,135.0,116.0,116.0,OK
147772,285.7,28.0,102.3,1.92,52.484046,-1.88932,8,0.0,126.56,135.0,114.0,114.0,OK
147789,22.4,256.0,233.6,2.88,52.484222,-1.890122,9,0.0,356.97,45.0,164.0,164.0,OK
148553,112.1,0.0,247.9,2.88,52.483821,-1.889237,7,3.69,230.83,135.0,136.0,136.0,OK
148824,22.2,256.0,233.8,2.88,52.484222,-1.890122,9,0.0,356.97,45.0,164.0,164.0,OK
148831,285.7,27.0,101.3,1.92,52.484046,-1.88932,8,0.0,126.56,135.0,112.0,112.0,OK
149608,116.1,0.0,243.9,2.88,52.483814,-1.889265,7,3.87,234.59,135.0,144.0,144.0,OK
149856,285.7,27.0,101.3,2.4,52.484046,-1.88932,9,0.0,126.56,135.0,112.0,112.0,OK
149863,22.4,256.0,233.6,2.88,52.484222,-1.890122,9,0.0,356.97,45.0,164.0,164.0,OK
150649,92.8,0.0,267.2,2.4,52.483806,-1.88928,7,4.11,241.17,135.0,96.0,96.0,OK
150882,285.7,27.0,101.3,2.4,52.484046,-1.88932,8,0.0,126.56,135.0,112.0,112.0,OK
150897,22.7,256.0,233.3,2.88,52.484222,-1.890122,9,0.0,356.97,45.0,164.0,164.0,OK
151683,75.7,16.0,300.3,2.4,52.483798,-1.889292,7,3.98,230.16,45.0,30.0,30.0,OK
151912,285.7,27.0,101.3,2.4,52.484046,-1.88932,8,0.0,126.56,135.0,112.0,112.0,OK
151953,22.1,256.0,233.9,1.92,52.484222,-1.890122,9,0.0,356.97,45.0,164.0,164.0,OK
152717,74.3,34.0,319.7,2.4,52.483787,-1.8893,7,4.63,201.75,45.0,0.0,0.0,OK
152937,285.7,26.0,100.3,2.4,52.484046,-1.88932,8,0.0,126.56,135.0,110.0,110.0,OK
152990,22.3,256.0,233.7,1.92,52.484222,-1.890122,9,0.0,356.97,45.0,164.0,164.0,OK
153747,89.3,43.0,313.7,2.4,52.483779,-1.889313,7,5.0,198.48,135.0,4.0,4.0,OK
153997,285.7,25.0,99.3,2.4,52.484046,-1.88932,8,0.0,126.56,135.0,108.0,108.0,OK
154024,24.8,256.0,231.2,1.92,52.484222,-1.890122,9,0.0,356.97,45.0,168.0,168.0,OK
154816,127.1,34.0,266.9,2.4,52.483772,-1.88933,7,4.2,223.48,135.0,98.0,98.0,OK
155035,285.7,24.0,98.3,2.4,52.484046,-1.88932,8,0.0,126.56,135.0,106.0,106.0,OK
155075,24.3,256.0,231.7,1.92,52.484222,-1.890122,9,0.0,356.97,45.0,168.0,168.0,OK
155842,137.5,23.0,245.5,3.36,52.483768,-1.889347,7,4.13,227.56,135.0,140.0,140.0,OK
156072,285.7,24.0,98.3,2.4,52.484046,-1.88932,8,0.0,126.56,135.0,106.0,106.0,OK
156109,26.3,256.0,229.7,1.92,52.484222,-1.890122,9,0.0,356.97,45.0,172.0,172.0,OK
156879,122.9,15.0,252.1,3.36,52.483764,-1.889363,7,4.39,242.47,135.0,126.0,126.0,OK
157102,285.7,24.0,98.3,2.4,52.484046,-1.88932,8,0.0,126.56,135.0,106.0,106.0,OK
157177,26.5,256.0,229.5,1.44,52.484222,-1.890122,8,0.0,356.97,45.0,172.0,172.0,OK
157916,87.1,14.0,286.9,3.36,52.483757,-1.889382,7,3.98,244.83,135.0,58.0,58.0,OK
158142,285.7,24.0,98.3,2.4,52.484046,-1.88932,8,0.0,126.56,135.0,106.0,106.0,OK
158213,22.3,256.0,233.7,1.44,52.484222,-1.890122,9,0.0,356.97,45.0,164.0,164.0,OK
158964,81.6,30.0,308.4,3.36,52.483753,-1.8894,7,4.26,218.02,45.0,14.0,14.0,OK
159200,285.7,24.0,98.3,2.88,52.484046,-1.88932,8,0.0,126.56,135.0,106.0,106.0,OK
159249,22.0,256.0,234.0,1.44,52.484222,-1.890122,8,0.0,356.97,45.0,162.0,162.0,OK
160021,83.7,40.0,316.3,3.36,52.483745,-1.889415,7,4.26,222.05,45.0,0.0,0.0,OK
160227,285.7,24.0,98.3,2.88,52.484046,-1.88932,8,0.0,126.56,135.0,106.0,106.0,OK
160286,17.4,257.0,239.6,1.44,52.484222,-1.890122,9,0.0,356.97,45.0,152.0,152.0,OK
161054,121.1,48.0,286.9,3.36,52.483737,-1.889432,7,4.59,224.97,135.0,58.0,58.0,OK
161254,285.7,24.0,98.3,2.88,52.484046,-1.88932,8,0.0,126.56,135.0,106.0,106.0,OK
161334,20.2,257.0,236.8,1.44,52.484222,-1.890122,9,0.0,356.97,45.0,158.0,158.0,OK
162088,131.0,40.0,269.0,3.36,52.483734,-1.88945,7,4.7,243.59,135.0,92.0,92.0,OK
162291,285.7,24.0,98.3,2.88,52.484046,-1.88932,8,0.0,126.56,135.0,106.0,106.0,OK
162388,22.7,257.0,234.3,1.44,52.484222,-1.890122,9,0.0,356.97,45.0,162.0,162.0,OK
163140,106.6,25.0,278.4,3.36,52.48373,-1.889468,7,4.19,238.33,135.0,74.0,74.0,OK
163329,285.7,25.0,99.3,2.88,52.484046,-1.88932,8,0.0,126.56,135.0,108.0,108.0,OK
163424,29.3,257.0,227.7,1.44,52.484222,-1.890122,7,0.0,356.97,45.0,176.0,176.0,OK
164174,97.8,22.0,284.2,3.36,52.483726,-1.889488,7,3.74,261.39,135.0,62.0,62.0,OK
164377,285.7,25.0,99.3,2.4,52.484046,-1.88932,8,0.0,126.56,135.0,108.0,108.0,OK
164461,27.9,257.0,229.1,1.44,52.484222,-1.890122,8,0.0,356.97,45.0,172.0,172.0,OK
165233,112.3,23.0,270.7,3.84,52.483726,-1.889508,7,4.32,260.69,135.0,90.0,90.0,OK
165414,285.7,25.0,99.3,2.4,52.484046,-1.88932,8,0.0,126.56,135.0,108.0,108.0,OK
165498,27.4,257.0,229.6,1.44,52.484222,-1.890122,7,0.0,356.97,45.0,172.0,172.0,OK
166269,126.7,17.0,250.3,3.84,52.483726,-1.88953,7,4.35,255.25,135.0,130.0,130.0,OK
166441,285.7,25.0,99.3,2.4,52.484046,-1.88932,8,0.0,126.56,135.0,108.0,108.0,OK
166533,28.0,258.0,230.0,2.4,52.484222,-1.890122,8,0.0,356.97,45.0,170.0,170.0,OK
167304,140.3,2.0,221.7,3.84,52.483726,-1.88955,7,5.0,249.38,135.0,180.0,180.0,OK
167479,285.7,25.0,99.3,2.4,52.484046,-1.88932,8,0.0,126.56,135.0,108.0,108.0,OK
167603,30.7,258.0,227.3,2.4,52.484222,-1.890122,8,0.0,356.97,45.0,176.0,176.0,OK
168329,139.3,1.0,221.7,3.84,52.483722,-1.889568,7,3.89,257.31,135.0,180.0,180.0,OK
168516,285.7,25.0,99.3,2.4,52.484046,-1.88932,8,0.0,126.56,135.0,108.0,108.0,OK
168638,30.4,258.0,227.6,2.4,52.484222,-1.890122,8,0.0,356.97,45.0,176.0,176.0,OK
169374,135.3,0.0,224.7,3.84,52.483726,-1.889587,7,5.0,311.63,135.0,180.0,180.0,OK
169578,285.7,25.0,99.3,1.44,52.484046,-1.88932,8,0.0,126.56,135.0,108.0,108.0,OK
169671,25.3,259.0,233.7,2.4,52.484222,-1.890122,7,0.0,356.97,45.0,164.0,164.0,OK
170431,123.8,0.0,236.2,3.36,52.48373,-1.889602,7,3.94,265.52,135.0,158.0,158.0,OK
170644,285.7,25.0,99.3,1.44,52.484046,-1.88932,8,0.0,126.56,135.0,108.0,108.0,OK
170712,21.8,261.0,239.2,2.4,52.484222,-1.890122,9,0.0,356.97,45.0,152.0,152.0,OK
171465,126.7,9.0,242.3,3.36,52.48373,-1.889617,7,3.2,251.3,135.0,146.0,146.0,OK
171672,285.7,25.0,99.3,1.44,52.484046,-1.88932,8,0.0,126.56,135.0,108.0,108.0,OK
171747,23.7,263.0,239.3,2.88,52.484222,-1.890122,8,0.0,356.97,45.0,152.0,152.0,OK
172499,130.6,21.0,250.4,3.36,52.48373,-1.889635,7,3.91,254.7,135.0,130.0,130.0,OK
172709,285.7,25.0,99.3,1.44,52.484046,-1.88932,8,0.0,126.56,135.0,108.0,108.0,OK
172803,23.7,263.0,239.3,2.88,52.484222,-1.890122,8,0.0,356.97,45.0,152.0,152.0,OK
173549,146.9,23.0,236.1,3.36,52.48373,-1.889655,7,3.72,274.85,135.0,154.0,158.0,OK
173746,285.7,25.0,99.3,1.44,52.484046,-1.88932,8,0.0,126.56,135.0,108.0,108.0,OK
173838,23.5,263.0,239.5,2.88,52.484222,-1.890122,8,0.0,356.97,45.0,152.0,152.0,OK
174584,171.0,22.0,211.0,3.36,52.483737,-1.88968,7,3.94,273.04,135.0,180.0,180.0,OK
174792,285.7,25.0,99.3,1.92,52.484046,-1.88932,8,0.0,126.56,135.0,108.0,108.0,OK
175654,179.2,15.0,195.8,3.36,52.483745,-1.88972,7,3.87,306.79,129.86,180.0,180.0,OK
175833,285.7,25.0,99.3,1.92,52.484046,-1.88932,8,0.0,126.56,135.0,108.0,108.0,OK
176687,177.6,0.0,182.4,3.36,52.483745,-1.889738,7,4.76,278.92,130.02,180.0,180.0,OK
176860,285.7,25.0,99.3,1.92,52.484046,-1.88932,8,0.0,126.56,135.0,108.0,108.0,OK
177717,174.4,0.0,185.6,3.36,52.483749,-1.889757,7,3.59,288.7,129.7,180.0,180.0,OK
177885,285.7,25.0,99.3,1.92,52.484046,-1.88932,8,0.0,126.56,135.0,108.0,108.0,OK
178749,148.0,352.0,204.0,3.36,52.483749,-1.889773,7,4.11,284.42,135.0,180.0,180.0,OK
178922,285.7,25.0,99.3,1.44,52.484046,-1.88932,8,0.0,126.56,135.0,108.0,108.0,OK
179793,138.4,0.0,221.6,3.36,52.483749,-1.889792,7,3.83,291.89,135.0,180.0,180.0,OK
179968,285.7,25.0,99.3,1.44,52.484046,-1.88932,8,0.0,126.56,135.0,108.0,108.0,OK
180850,139.7,0.0,220.3,2.88,52.483749,-1.889807,7,3.33,290.33,135.0,180.0,180.0,OK
181006,285.7,25.0,99.3,1.44,52.484046,-1.88932,8,0.0,126.56,135.0,108.0,108.0,OK
181880,148.0,0.0,212.0,2.88,52.483749,-1.889823,7,3.33,290.33,135.0,180.0,180.0,OK
182036,285.7,25.0,99.3,1.44,52.484046,-1.88932,8,0.0,126.56,135.0,108.0,108.0,OK
182913,175.1,0.0,184.9,2.88,52.483749,-1.889837,7,3.89,284.24,118.76,180.0,180.0,OK
183073,285.7,25.0,99.3,1.44,52.484046,-1.88932,8,0.0,126.56,135.0,108.0,108.0,OK
183956,170.3,356.0,185.7,2.88,52.483741,-1.889847,6,4.67,323.01,122.65,180.0,180.0,OK
184099,285.7,25.0,99.3,0.96,52.484046,-1.88932,8,0.0,126.56,135.0,108.0,108.0,OK
184986,137.2,349.0,211.8,2.88,52.483737,-1.889867,6,4.63,316.06,135.0,180.0,180.0,OK
185157,285.7,25.0,99.3,0.96,52.484046,-1.88932,8,0.0,126.56,135.0,108.0,108.0,OK
186054,128.2,349.0,220.8,3.36,52.483734,-1.88988,7,3.39,285.01,135.0,180.0,180.0,OK
186208,285.7,25.0,99.3,0.96,52.484046,-1.88932,8,0.0,126.56,135.0,108.0,108.0,OK
187085,131.5,0.0,228.5,3.36,52.483737,-1.889897,7,3.39,285.01,108.75,174.0,174.0,OK
187237,285.7,25.0,99.3,0.96,52.484046,-1.88932,8,0.0,126.56,135.0,108.0,108.0,OK
188122,119.2,0.0,240.8,3.36,52.483734,-1.889903,7,3.28,279.84,100.69,150.0,150.0,OK
188277,285.7,25.0,99.3,0.96,52.484046,-1.88932,8,0.0,126.56,135.0,108.0,108.0,OK
189156,115.3,0.0,244.7,3.36,52.483726,-1.889903,7,2.06,268.72,95.41,142.0,142.0,OK
189315,285.7,25.0,99.3,0.96,52.484046,-1.88932,8,0.0,126.56,135.0,108.0,108.0,OK
190205,123.4,0.0,236.6,2.88,52.483726,-1.889903,7,1.8,242.51,91.36,158.0,158.0,OK
190373,285.7,25.0,99.3,0.96,52.484046,-1.88932,8,0.0,126.56,135.0,108.0,108.0,OK
191252,123.8,0.0,236.2,2.88,52.483726,-1.889897,7,0.0,290.8,102.97,158.0,158.0,OK
191424,285.7,25.0,99.3,0.96,52.484046,-1.88932,8,0.0,126.56,135.0,108.0,108.0,OK
192285,124.0,0.0,236.0,2.88,52.483722,-1.889897,7,0.0,25.9,73.0,158.0,158.0,OK
192451,285.7,25.0,99.3,0.96,52.484046,-1.88932,8,0.0,126.56,135.0,108.0,108.0,OK
193310,124.0,0.0,236.0,2.88,52.483722,-1.889897,7,0.0,25.9,73.0,158.0,158.0,OK
193491,285.7,25.0,99.3,0.96,52.484046,-1.88932,8,0.0,126.56,135.0,108.0,108.0,OK
194348,124.0,0.0,236.0,2.88,52.483722,-1.889897,7,0.0,25.9,73.0,158.0,158.0,OK
194530,285.7,25.0,99.3,0.48,52.484046,-1.88932,8,0.0,126.56,135.0,108.0,108.0,OK
195385,124.0,0.0,236.0,1.92,52.483722,-1.889897,7,0.0,25.9,73.0,158.0,158.0,OK
195588,285.7,25.0,99.3,0.48,52.484046,-1.88932,8,0.0,126.56,135.0,108.0,108.0,OK
196434,124.0,0.0,236.0,1.92,52.483722,-1.889897,7,0.0,25.9,73.0,158.0,158.0,OK
196625,285.7,25.0,99.3,0.48,52.484046,-1.88932,9,0.0,126.56,135.0,108.0,108.0,OK
197485,124.0,0.0,236.0,1.92,52.483722,-1.889897,7,0.0,25.9,73.0,158.0,158.0,OK
197652,285.7,26.0,100.3,0.48,52.484046,-1.88932,8,0.0,126.56,135.0,110.0,110.0,OK
198514,124.0,0.0,236.0,1.92,52.483722,-1.889897,7,0.0,25.9,73.0,158.0,158.0,OK
198676,285.7,31.0,105.3,0.48,52.484046,-1.88932,8,0.0,126.56,135.0,120.0,120.0,OK
199552,124.0,0.0,236.0,1.92,52.483722,-1.889897,7,0.0,25.9,73.0,158.0,158.0,OK
199717,285.7,32.0,106.3,0.96,52.484046,-1.88932,9,0.0,126.56,135.0,122.0,122.0,OK
200589,124.0,0.0,236.0,1.44,52.483722,-1.889897,7,0.0,25.9,73.0,158.0,158.0,OK
200775,285.7,34.0,108.3,0.96,52.484046,-1.88932,9,0.0,126.56,135.0,126.0,126.0,OK
201637,124.0,0.0,236.0,1.44,52.483722,-1.889897,7,0.0,25.9,73.0,158.0,158.0,OK
201812,285.7,34.0,108.3,0.96,52.484046,-1.88932,8,0.0,126.56,135.0,126.0,126.0,OK
202688,124.0,0.0,236.0,1.44,52.483722,-1.889897,7,0.0,25.9,73.0,158.0,158.0,OK
202840,285.7,34.0,108.3,0.96,52.484046,-1.88932,8,0.0,126.56,135.0,126.0,126.0,OK
203713,124.0,0.0,236.0,1.44,52.483722,-1.889897,7,0.0,25.9,73.0,158.0,158.0,OK
203877,285.7,34.0,108.3,0.96,52.484046,-1.88932,8,0.0,126.56,135.0,126.0,126.0,OK
204753,124.0,0.0,236.0,1.44,52.483722,-1.889897,7,0.0,25.9,73.0,158.0,158.0,OK
204904,285.7,34.0,108.3,1.92,52.484046,-1.88932,8,0.0,126.56,135.0,126.0,126.0,OK
205791,124.0,0.0,236.0,0.96,52.483722,-1.889897,7,0.0,25.9,73.0,158.0,158.0,OK
205965,285.7,34.0,108.3,1.92,52.484046,-1.88932,8,0.0,126.56,135.0,126.0,126.0,OK
206839,124.0,0.0,236.0,0.96,52.483722,-1.889897,7,0.0,25.9,73.0,158.0,158.0,OK
207016,285.7,34.0,108.3,1.92,52.484046,-1.88932,8,0.0,126.56,135.0,126.0,126.0,OK
207878,124.0,0.0,236.0,0.96,52.483722,-1.889897,7,0.0,25.9,73.0,158.0,158.0,OK
208045,285.7,34.0,108.3,1.92,52.484046,-1.88932,8,0.0,126.56,135.0,126.0,126.0,OK
208908,124.0,0.0,236.0,0.96,52.483722,-1.889897,8,0.0,25.9,73.0,158.0,158.0,OK
209082,285.7,34.0,108.3,1.92,52.484046,-1.88932,8,0.0,126.56,135.0,126.0,126.0,OK
209933,124.0,0.0,236.0,0.96,52.483722,-1.889897,8,0.0,25.9,73.0,158.0,158.0,OK
210107,285.7,34.0,108.3,1.92,52.484046,-1.88932,8,0.0,126.56,135.0,126.0,126.0,OK
210973,124.0,0.0,236.0,0.48,52.483722,-1.889897,8,0.0,25.9,73.0,158.0,158.0,OK
211169,285.7,34.0,108.3,1.92,52.484046,-1.88932,8,0.0,126.56,135.0,126.0,126.0,OK
212022,124.0,0.0,236.0,0.48,52.483722,-1.889897,8,0.0,25.9,73.0,158.0,158.0,OK
212194,285.7,35.0,109.3,1.92,52.484046,-1.88932,8,0.0,126.56,135.0,128.0,128.0,OK
213047,124.0,0.0,236.0,0.48,52.483722,-1.889897,8,0.0,25.9,73.0,158.0,158.0,OK
213222,285.7,40.0,114.3,1.92,52.484046,-1.88932,8,0.0,126.56,135.0,138.0,138.0,OK
214085,124.0,0.0,236.0,0.48,52.483722,-1.889897,8,0.0,25.9,73.0,158.0,158.0,OK
214248,285.7,40.0,114.3,1.92,52.484046,-1.88932,8,0.0,126.56,135.0,138.0,138.0,OK
215122,124.0,0.0,236.0,0.48,52.483722,-1.889897,8,0.0,25.9,73.0,158.0,158.0,OK
215285,285.7,40.0,114.3,1.92,52.484046,-1.88932,8,0.0,126.56,135.0,138.0,138.0,OK
216160,124.0,0.0,236.0,0.0,52.483722,-1.889897,8,0.0,25.9,73.0,158.0,158.0,OK
216344,285.7,40.0,114.3,1.92,52.484046,-1.88932,8,0.0,126.56,135.0,138.0,138.0,OK
217210,124.0,0.0,236.0,0.0,52.483722,-1.889897,8,0.0,25.9,73.0,158.0,158.0,OK
217375,285.7,40.0,114.3,1.92,52.484046,-1.88932,8,0.0,126.56,135.0,138.0,138.0,OK
218236,124.0,0.0,236.0,0.0,52.483722,-1.889897,8,0.0,25.9,73.0,158.0,158.0,OK
218413,285.7,40.0,114.3,1.92,52.484046,-1.88932,8,0.0,126.56,135.0,138.0,138.0,OK
219274,124.0,0.0,236.0,0.0,52.483722,-1.889897,8,0.0,25.9,73.0,158.0,158.0,OK
219451,285.7,40.0,114.3,2.88,52.484046,-1.88932,8,0.0,126.56,135.0,138.0,138.0,OK
220298,124.0,0.0,236.0,0.0,52.483722,-1.889897,8,0.0,25.9,73.0,158.0,158.0,OK
220488,285.7,40.0,114.3,2.88,52.484046,-1.88932,8,0.0,126.56,135.0,138.0,138.0,OK
221323,124.0,0.0,236.0,0.0,52.483722,-1.889897,8,0.0,25.9,73.0,158.0,158.0,OK
221546,285.7,40.0,114.3,2.88,52.484046,-1.88932,8,0.0,126.56,135.0,138.0,138.0,OK
222374,124.0,0.0,236.0,0.0,52.483722,-1.889897,8,0.0,25.9,73.0,158.0,158.0,OK
222576,285.7,40.0,114.3,2.88,52.484046,-1.88932,8,0.0,126.56,135.0,138.0,138.0,OK
223399,124.0,0.0,236.0,0.0,52.483722,-1.889897,8,0.0,25.9,73.0,158.0,158.0,OK
223613,285.7,42.0,116.3,2.88,52.484046,-1.88932,8,0.0,126.56,135.0,142.0,142.0,OK
224437,124.0,0.0,236.0,0.0,52.483722,-1.889897,8,0.0,25.9,73.0,158.0,158.0,OK
224652,285.7,42.0,116.3,2.4,52.484046,-1.88932,8,0.0,126.56,135.0,142.0,142.0,OK
225462,124.0,0.0,236.0,0.0,52.483722,-1.889897,8,0.0,25.9,73.0,158.0,158.0,OK
225676,285.7,42.0,116.3,2.4,52.484046,-1.88932,9,0.0,126.56,135.0,142.0,142.0,OK
226486,124.0,0.0,236.0,0.0,52.483722,-1.889897,8,0.0,25.9,73.0,158.0,158.0,OK
226734,285.7,42.0,116.3,2.4,52.484046,-1.88932,8,0.0,126.56,135.0,142.0,142.0,OK
227548,124.0,0.0,236.0,0.0,52.483722,-1.889897,8,0.0,25.9,73.0,158.0,158.0,OK
227771,285.7,42.0,116.3,2.4,52.484046,-1.88932,8,0.0,126.56,135.0,142.0,142.0,OK
228577,124.0,0.0,236.0,0.0,52.483722,-1.889897,8,0.0,25.9,73.0,158.0,158.0,OK
228801,285.7,42.0,116.3,2.4,52.484046,-1.88932,8,0.0,126.56,135.0,142.0,142.0,OK
229603,124.0,0.0,236.0,0.0,52.483722,-1.889897,8,0.0,25.9,73.0,158.0,158.0,OK
229826,285.7,42.0,116.3,2.88,52.484046,-1.88932,8,0.0,126.56,135.0,142.0,142.0,OK
230627,124.0,0.0,236.0,0.0,52.483722,-1.889897,8,0.0,25.9,73.0,158.0,158.0,OK
230863,285.7,42.0,116.3,2.88,52.484046,-1.88932,8,0.0,126.56,135.0,142.0,142.0,OK
231665,124.0,0.0,236.0,0.0,52.483722,-1.889897,8,0.0,25.9,73.0,158.0,158.0,OK
231921,285.7,42.0,116.3,2.88,52.484046,-1.88932,8,0.0,126.56,135.0,142.0,142.0,OK
232715,124.0,0.0,236.0,0.0,52.483722,-1.889897,8,0.0,25.9,73.0,158.0,158.0,OK
232947,285.7,42.0,116.3,2.88,52.484046,-1.88932,8,0.0,126.56,135.0,142.0,142.0,OK
233740,124.0,0.0,236.0,0.0,52.483722,-1.889897,8,0.0,25.9,73.0,158.0,158.0,OK
233974,285.7,42.0,116.3,2.88,52.484046,-1.88932,7,0.0,126.56,135.0,142.0,142.0,OK
234768,124.0,0.0,236.0,0.0,52.483722,-1.889897,8,0.0,25.9,73.0,158.0,158.0,OK
235002,285.7,42.0,116.3,1.92,52.484046,-1.88932,7,0.0,126.56,135.0,142.0,142.0,OK
235805,124.0,0.0,236.0,0.0,52.483722,-1.889897,8,0.0,25.9,73.0,158.0,158.0,OK
236040,285.7,42.0,116.3,1.92,52.484046,-1.88932,7,0.0,126.56,135.0,142.0,142.0,OK
236834,124.0,0.0,236.0,0.0,52.483722,-1.889897,8,0.0,25.9,73.0,158.0,158.0,OK
237085,285.7,42.0,116.3,1.92,52.484046,-1.88932,7,0.0,126.56,135.0,142.0,142.0,OK
237893,124.0,0.0,236.0,0.0,52.483722,-1.889897,8,0.0,25.9,73.0,158.0,158.0,OK
238113,285.7,42.0,116.3,1.92,52.484046,-1.88932,8,0.0,126.56,135.0,142.0,142.0,OK
238919,124.0,0.0,236.0,0.0,52.483722,-1.889897,8,0.0,25.9,73.0,158.0,158.0,OK
239151,285.7,42.0,116.3,0.96,52.484046,-1.88932,8,0.0,126.56,135.0,142.0,142.0,OK
239944,124.0,0.0,236.0,0.0,52.483722,-1.889897,8,0.0,25.9,73.0,158.0,158.0,OK
240193,285.7,42.0,116.3,0.96,52.484046,-1.88932,8,0.0,126.56,135.0,142.0,142.0,OK
240986,124.0,0.0,236.0,0.0,52.483722,-1.889897,7,0.0,25.9,73.0,158.0,158.0,OK
241217,285.7,42.0,116.3,0.96,52.484046,-1.88932,8,0.0,126.56,135.0,142.0,142.0,OK
242013,124.0,0.0,236.0,0.0,52.483722,-1.889897,8,0.0,25.9,73.0,158.0,158.0,OK
242276,285.7,42.0,116.3,0.96,52.484046,-1.88932,8,0.0,126.56,135.0,142.0,142.0,OK
243059,124.0,0.0,236.0,0.0,52.483722,-1.889897,8,0.0,25.9,73.0,158.0,158.0,OK
243305,285.7,42.0,116.3,0.96,52.484046,-1.88932,8,0.0,126.56,135.0,142.0,142.0,OK
244097,124.0,0.0,236.0,0.0,52.483722,-1.889897,8,0.0,25.9,73.0,158.0,158.0,OK
244329,285.7,43.0,117.3,0.96,52.484046,-1.88932,8,0.0,126.56,135.0,144.0,144.0,OK
245135,124.0,0.0,236.0,0.0,52.483722,-1.889897,8,0.0,25.9,73.0,158.0,158.0,OK
245354,285.7,51.0,125.3,0.96,52.484046,-1.88932,9,0.0,126.56,135.0,160.0,160.0,OK
246159,124.0,0.0,236.0,0.0,52.483722,-1.889897,8,0.0,25.9,73.0,158.0,158.0,OK
246394,285.7,52.0,126.3,0.96,52.484046,-1.88932,8,0.0,126.56,135.0,162.0,162.0,OK
247188,124.0,0.0,236.0,0.0,52.483722,-1.889897,8,0.0,25.9,73.0,158.0,158.0,OK
247452,285.7,53.0,127.3,0.96,52.484046,-1.88932,8,0.0,126.56,135.0,164.0,164.0,OK
248248,124.0,0.0,236.0,0.0,52.483722,-1.889897,8,0.0,25.9,73.0,158.0,158.0,OK
248479,285.7,61.0,135.3,0.96,52.484046,-1.88932,8,0.0,126.56,135.0,180.0,180.0,OK
249274,124.0,0.0,236.0,0.0,52.483722,-1.889897,8,0.0,25.9,73.0,158.0,158.0,OK
249516,285.7,63.0,137.3,0.96,52.484046,-1.88932,8,0.0,126.56,135.0,180.0,180.0,OK
250298,124.0,0.0,236.0,0.0,52.483722,-1.889897,8,0.0,25.9,73.0,158.0,158.0,OK
250550,285.7,65.0,139.3,0.96,52.484046,-1.88932,8,0.0,126.56,135.0,180.0,180.0,OK
251585,285.7,72.0,146.3,0.96,52.484046,-1.88932,8,0.0,126.56,135.0,180.0,180.0,OK
252643,285.7,99.0,173.3,0.96,52.484046,-1.88932,8,0.0,126.56,135.0,180.0,180.0,OK
253667,285.7,118.0,192.3,0.96,52.484046,-1.88932,8,0.0,126.56,135.0,180.0,180.0,OK
254702,285.7,131.0,205.3,1.44,52.484046,-1.88932,8,0.0,126.56,135.0,180.0,180.0,OK
255736,285.7,149.0,223.3,1.44,52.484046,-1.88932,8,0.0,126.56,135.0,180.0,180.0,OK
256771,285.7,149.0,223.3,1.44,52.484046,-1.88932,9,0.0,126.56,135.0,180.0,180.0,OK
257828,285.7,149.0,223.3,1.44,52.484046,-1.88932,9,0.0,126.56,135.0,180.0,180.0,OK
258867,285.7,152.0,226.3,1.44,52.484046,-1.88932,9,0.0,126.56,135.0,178.0,178.0,OK
259892,285.7,160.0,234.3,2.4,52.484046,-1.88932,9,0.0,126.56,135.0,162.0,162.0,OK
260917,285.7,156.0,230.3,2.4,52.484046,-1.88932,9,0.0,126.56,135.0,170.0,170.0,OK
261941,285.7,156.0,230.3,2.4,52.484046,-1.88932,9,0.0,126.56,135.0,170.0,170.0,OK
263002,285.7,154.0,228.3,2.4,52.484046,-1.88932,9,0.0,126.56,135.0,174.0,174.0,OK
264030,285.7,128.0,202.3,2.4,52.484046,-1.88932,9,0.0,126.56,135.0,180.0,180.0,OK
265065,285.7,130.0,204.3,2.88,52.484046,-1.88932,9,0.0,126.56,135.0,180.0,180.0,OK
266100,285.7,131.0,205.3,2.88,52.484046,-1.88932,9,0.0,126.56,135.0,180.0,180.0,OK
267134,285.7,131.0,205.3,2.88,52.484046,-1.88932,9,0.0,126.56,135.0,180.0,180.0,OK
268191,285.7,131.0,205.3,2.88,52.484046,-1.88932,9,0.0,126.56,135.0,180.0,180.0,OK
269232,285.7,131.0,205.3,1.92,52.484046,-1.88932,9,0.0,126.56,135.0,180.0,180.0,OK
270268,285.7,131.0,205.3,1.92,52.484046,-1.88932,9,0.0,126.56,135.0,180.0,180.0,OK
271301,285.7,132.0,206.3,1.92,52.484046,-1.88932,9,0.0,126.56,135.0,180.0,180.0,OK
272338,285.7,167.0,241.3,1.92,52.484046,-1.88932,9,0.0,126.56,135.0,148.0,148.0,OK
273385,285.7,167.0,241.3,1.92,52.484046,-1.88932,9,0.0,126.56,135.0,148.0,148.0,OK
274413,285.7,168.0,242.3,1.92,52.484046,-1.88932,9,0.0,126.56,135.0,146.0,146.0,OK
275441,285.7,168.0,242.3,1.92,52.484046,-1.88932,9,0.0,126.56,135.0,146.0,146.0,OK
276480,285.7,163.0,237.3,1.92,52.484046,-1.88932,9,0.0,126.56,135.0,156.0,156.0,OK
277517,285.7,169.0,243.3,1.92,52.484046,-1.88932,9,0.0,126.56,135.0,144.0,144.0,OK
278576,285.7,166.0,240.3,1.92,52.484046,-1.88932,9,0.0,126.56,135.0,150.0,150.0,OK
279606,285.7,165.0,239.3,3.84,52.484046,-1.88932,9,0.0,126.56,135.0,152.0,152.0,OK
280633,285.7,163.0,237.3,3.84,52.484046,-1.88932,9,0.0,126.56,135.0,156.0,156.0,OK
281671,285.7,161.0,235.3,3.84,52.484046,-1.88932,9,0.0,126.56,135.0,160.0,160.0,OK
282708,285.7,170.0,244.3,3.84,52.484046,-1.88932,9,0.0,126.56,135.0,142.0,142.0,OK
283767,285.7,184.0,258.3,3.84,52.484046,-1.88932,9,0.0,126.56,135.0,114.0,114.0,OK
284796,285.7,180.0,254.3,4.32,52.484046,-1.88932,9,0.0,126.56,135.0,122.0,122.0,OK
285835,285.7,181.0,255.3,4.32,52.484046,-1.88932,9,0.0,126.56,135.0,120.0,120.0,OK
286862,285.7,175.0,249.3,4.32,52.484046,-1.88932,9,0.0,126.56,135.0,132.0,132.0,OK
287887,285.7,173.0,247.3,4.32,52.484046,-1.88932,9,0.0,126.56,135.0,136.0,136.0,OK
288932,285.7,173.0,247.3,4.32,52.484046,-1.88932,9,0.0,126.56,135.0,136.0,136.0,OK
289961,285.7,171.0,245.3,5.76,52.484046,-1.88932,8,0.0,126.56,135.0,140.0,140.0,OK
290988,285.7,169.0,243.3,5.76,52.484046,-1.88932,8,0.0,126.56,135.0,144.0,144.0,OK
292025,285.6,167.0,241.4,5.76,52.484046,-1.88932,8,0.0,126.56,135.0,148.0,148.0,OK
293047,285.6,167.0,241.4,5.76,52.484046,-1.88932,8,0.0,126.56,135.0,148.0,148.0,OK
