Time(ms) (s),Heading(°) (degrees),WindDir(°),RelWind(°),WindSpd(mph),Lat,Lon,Sat,Rudder(°),Sail(°),TargetSail(°),Status
1000,129.4,0.0,52.484123,-1.889412,4,0.26,223.59,91.4,140.0,168.0,OK
2045,129.4,0.0,52.484123,-1.889417,4,0.09,5.12,91.42,168.0,168.0,OK
3090,129.4,0.0,52.484123,-1.889425,4,0.04,230.13,91.45,168.0,168.0,OK
4135,129.4,0.0,52.484119,-1.889432,4,0.04,297.87,91.47,168.0,168.0,OK
5180,129.4,0.0,52.484115,-1.88944,4,0.04,99.26,91.51,168.0,168.0,OK
6225,129.4,0.0,52.484115,-1.889445,4,0.04,99.26,91.52,168.0,168.0,OK
7270,129.4,0.0,52.484111,-1.889447,4,0.06,327.77,91.53,168.0,168.0,OK
8315,129.4,0.0,52.484111,-1.889447,4,0.02,192.39,91.53,168.0,168.0,OK
9360,129.4,0.0,52.484107,-1.889445,4,0.0,0.0,91.52,168.0,168.0,OK
10405,129.4,0.0,52.484104,-1.889445,4,0.02,272.17,91.52,168.0,168.0,OK
11450,129.4,0.0,52.484096,-1.889383,5,0.06,147.07,91.28,168.0,168.0,OK
12495,129.4,0.0,52.484092,-1.889358,5,0.07,4.04,91.19,168.0,168.0,OK
13540,129.4,0.0,52.484088,-1.889342,5,0.02,235.16,91.12,168.0,168.0,OK
14585,129.4,0.0,52.484085,-1.889333,5,0.02,134.73,91.09,168.0,168.0,OK
15630,129.4,0.48,52.484081,-1.889327,5,0.06,334.49,91.06,168.0,168.0,OK
16675,129.4,0.48,52.484081,-1.889323,5,0.0,47.79,91.05,168.0,168.0,OK
17720,100.4,0.48,52.484077,-1.889318,5,0.0,23.7,91.03,110.0,110.0,OK
18765,22.4,0.48,52.484073,-1.889315,5,0.0,10.5,91.02,0.0,0.0,OK
19810,14.4,0.48,52.484073,-1.889315,5,0.0,10.5,91.02,0.0,0.0,OK
20855,14.4,0.96,52.484073,-1.889315,5,0.0,10.5,91.02,0.0,0.0,OK
21900,14.4,0.96,52.484073,-1.889315,5,0.0,10.5,91.02,0.0,0.0,OK
22945,14.4,0.96,52.484073,-1.889315,5,0.0,10.5,91.02,0.0,0.0,OK
23990,14.4,0.96,52.484073,-1.889315,5,0.0,10.5,91.02,0.0,0.0,OK
25035,13.4,0.96,52.484073,-1.889315,5,0.0,10.5,91.02,0.0,0.0,OK
26080,13.4,2.4,52.484073,-1.889315,5,0.0,10.5,91.02,0.0,0.0,OK
27125,13.4,2.4,52.484073,-1.889315,5,0.0,10.5,91.02,0.0,0.0,OK
28170,13.4,2.4,52.484073,-1.889315,5,0.0,10.5,91.02,0.0,0.0,OK
29215,13.4,2.4,52.484073,-1.889315,5,0.0,10.5,91.02,0.0,0.0,OK
30260,12.4,2.4,52.484073,-1.889315,5,0.0,10.5,91.02,0.0,0.0,OK
31305,12.4,2.4,52.484073,-1.889315,5,0.0,10.5,91.02,0.0,0.0,OK
32350,12.4,2.4,52.484073,-1.889315,5,0.0,10.5,91.02,0.0,0.0,OK
33395,11.4,2.4,52.484073,-1.889315,5,0.0,10.5,91.02,0.0,0.0,OK
34440,3.4,2.4,52.484073,-1.889315,5,0.0,10.5,91.02,0.0,0.0,OK
35485,3.4,2.4,52.484073,-1.889315,5,0.0,10.5,91.02,0.0,0.0,OK
36530,2.4,3.36,52.484073,-1.889315,5,0.0,10.5,91.02,0.0,0.0,OK
37575,2.4,3.36,52.484073,-1.889315,5,0.0,10.5,91.02,0.0,0.0,OK
38620,2.4,3.36,52.484073,-1.889315,5,0.0,10.5,91.02,0.0,0.0,OK
39665,2.4,3.36,52.484073,-1.889315,5,0.0,10.5,91.02,0.0,0.0,OK
40710,2.4,3.36,52.484073,-1.889315,5,0.0,10.5,91.02,0.0,0.0,OK
41755,2.4,3.36,52.484073,-1.889315,5,0.0,10.5,91.02,0.0,0.0,OK
42800,2.4,3.36,52.484073,-1.889315,5,0.0,10.5,91.02,0.0,0.0,OK
43845,2.4,3.36,52.484073,-1.889315,5,0.0,10.5,91.02,0.0,0.0,OK
44890,2.4,3.36,52.484073,-1.889315,5,0.0,10.5,91.02,0.0,0.0,OK
45935,2.4,2.88,52.484073,-1.889315,5,0.0,10.5,91.02,0.0,0.0,OK
46980,2.4,2.88,52.484073,-1.889315,5,0.0,10.5,91.02,0.0,0.0,OK
48025,2.4,2.88,52.484073,-1.889315,5,0.0,10.5,91.02,0.0,0.0,OK
49070,2.4,2.88,52.484073,-1.889315,5,0.0,10.5,91.02,0.0,0.0,OK
50115,2.4,2.88,52.484073,-1.889315,5,0.0,10.5,91.02,0.0,0.0,OK
51160,2.4,2.4,52.484073,-1.889315,5,0.0,10.5,91.02,0.0,0.0,OK
52205,2.4,2.4,52.484073,-1.889315,5,0.0,10.5,91.02,0.0,0.0,OK
53250,2.4,2.4,52.484073,-1.889315,5,0.0,10.5,91.02,0.0,0.0,OK
54295,1.9,2.4,52.484073,-1.889315,5,0.0,10.5,90.77,0.0,0.0,OK
55340,2.0,2.4,52.484073,-1.889315,5,0.0,10.5,90.82,0.0,0.0,OK
56385,15.0,1.92,52.484073,-1.889315,5,0.0,10.5,90.82,0.0,0.0,OK
57430,163.9,1.92,52.484073,-1.889315,5,0.0,10.5,90.77,180.0,180.0,OK
58475,357.9,1.92,52.484073,-1.889315,5,0.0,10.5,90.77,0.0,0.0,OK
59520,35.9,1.92,52.484073,-1.889315,5,0.0,10.5,90.77,0.0,0.0,OK
60565,35.9,1.92,52.484073,-1.889315,5,0.0,10.5,90.77,0.0,0.0,OK
61610,34.9,1.44,52.484073,-1.889315,5,0.0,10.5,90.77,0.0,0.0,OK
62655,32.8,1.44,52.484073,-1.889315,5,0.0,10.5,90.72,0.0,0.0,OK
63700,32.8,1.44,52.484073,-1.889315,5,0.0,10.5,90.72,0.0,0.0,OK
64745,32.9,1.44,52.484073,-1.889315,5,0.0,10.5,90.77,0.0,0.0,OK
65790,32.9,1.44,52.484073,-1.889315,5,0.0,10.5,90.77,0.0,0.0,OK
66835,31.9,1.92,52.484073,-1.889315,5,0.0,10.5,90.77,0.0,0.0,OK
67880,29.9,1.92,52.484073,-1.889315,5,0.0,10.5,90.77,0.0,0.0,OK
68925,27.7,1.92,52.484073,-1.889315,5,0.0,10.5,90.67,0.0,0.0,OK
69970,26.6,1.92,52.484073,-1.889315,5,0.0,10.5,90.62,0.0,0.0,OK
71015,327.6,0.96,52.484073,-1.889315,5,0.0,10.5,90.62,0.0,0.0,OK
72060,247.6,0.96,52.484073,-1.889315,5,0.0,10.5,90.62,136.0,136.0,OK
73105,250.6,0.96,52.484073,-1.889315,5,0.0,10.5,90.62,130.0,130.0,OK
74150,14.6,0.96,52.484073,-1.889315,5,0.0,10.5,90.62,0.0,0.0,OK
75195,303.6,0.96,52.484073,-1.889315,5,0.0,10.5,90.62,24.0,24.0,OK
76240,216.5,1.44,52.484073,-1.889315,5,0.0,10.5,90.57,180.0,180.0,OK
77285,289.5,1.44,52.484073,-1.889315,5,0.0,10.5,90.57,52.0,52.0,OK
78330,296.5,1.44,52.484073,-1.889315,5,0.0,10.5,90.57,38.0,38.0,OK
79375,296.5,1.44,52.484073,-1.889315,5,0.0,10.5,90.57,38.0,38.0,OK
80420,296.5,1.44,52.484073,-1.889315,5,0.0,10.5,90.57,38.0,38.0,OK
81465,296.6,0.96,52.484073,-1.889315,5,0.0,10.5,90.62,38.0,38.0,OK
82510,298.4,0.96,52.484073,-1.889315,5,0.0,10.5,90.52,34.0,34.0,OK
83555,299.4,0.96,52.484073,-1.889315,5,0.0,10.5,90.52,32.0,32.0,OK
84600,300.0,0.96,52.484073,-1.889315,5,0.0,10.5,90.32,30.0,30.0,OK
85645,299.8,0.96,52.484073,-1.889315,5,0.0,10.5,90.22,32.0,32.0,OK
86690,299.9,0.96,52.484073,-1.889315,5,0.0,10.5,90.27,32.0,32.0,OK
87735,0.0,0.0,0.0,0.0,0,0.0,0.0,90.0,90.0,90.0,GPS_ERROR
88780,295.4,0.0,52.484046,-1.889295,6,0.0,280.24,45.0,40.0,40.0,OK
89825,294.4,0.0,52.484046,-1.889295,6,0.0,280.24,45.0,42.0,42.0,OK
90870,294.4,0.0,52.484046,-1.889295,6,0.0,280.24,45.0,42.0,42.0,OK
91915,294.3,0.0,52.484046,-1.889295,6,0.0,280.24,45.0,42.0,42.0,OK
92960,293.5,0.0,52.484046,-1.889295,6,0.0,280.24,45.0,44.0,44.0,OK
94005,293.4,0.0,52.484046,-1.889295,6,0.0,280.24,45.0,44.0,44.0,OK
95050,293.4,0.0,52.484046,-1.889295,6,0.0,280.24,45.0,44.0,44.0,OK
96095,293.4,0.0,52.484046,-1.889295,6,0.0,280.24,45.0,44.0,44.0,OK
97140,292.4,0.0,52.484046,-1.889295,6,0.0,280.24,45.0,46.0,46.0,OK
98185,293.4,0.0,52.484046,-1.889295,6,0.0,280.24,45.0,44.0,44.0,OK
99230,293.3,0.0,52.484046,-1.889295,6,0.0,280.24,45.0,44.0,44.0,OK
100275,294.3,0.0,52.484046,-1.889295,6,0.0,280.24,45.0,42.0,42.0,OK
101320,294.3,0.0,52.484046,-1.889295,6,0.0,280.24,45.0,42.0,42.0,OK
102365,294.3,0.0,52.484046,-1.889295,6,0.0,280.24,45.0,42.0,42.0,OK
103410,294.3,0.0,52.484046,-1.889295,6,0.0,280.24,45.0,42.0,42.0,OK
104455,294.3,0.48,52.484046,-1.889295,6,0.0,280.24,45.0,42.0,42.0,OK
105500,294.3,0.48,52.484046,-1.889295,6,0.0,280.24,45.0,42.0,42.0,OK
106545,294.3,0.48,52.484046,-1.889295,6,0.0,280.24,45.0,42.0,42.0,OK
107590,294.3,0.48,52.484046,-1.889295,6,0.0,280.24,45.0,42.0,42.0,OK
108635,300.3,0.48,52.484046,-1.889295,6,0.0,280.24,45.0,30.0,30.0,OK
109680,328.4,0.48,52.484046,-1.889295,6,0.0,280.24,45.0,0.0,0.0,OK
110725,329.2,0.48,52.484046,-1.889295,6,0.0,280.24,45.0,0.0,0.0,OK
111770,329.2,0.48,52.484046,-1.889295,6,0.0,280.24,45.0,0.0,0.0,OK
112815,83.2,0.48,52.484046,-1.889295,6,0.0,280.24,45.0,76.0,76.0,OK
113860,152.3,0.48,52.484046,-1.889295,6,0.0,280.24,45.0,180.0,180.0,OK
114905,4.2,0.0,52.484046,-1.889295,6,0.0,280.24,45.0,0.0,0.0,OK
115950,357.2,0.0,52.484046,-1.889295,6,0.0,280.24,45.0,0.0,0.0,OK
116995,357.1,0.0,52.484046,-1.889295,6,0.0,280.24,45.0,0.0,0.0,OK
118040,357.2,0.0,52.484046,-1.889295,6,0.0,280.24,45.0,0.0,0.0,OK
119085,357.1,0.0,52.484046,-1.889295,6,0.0,280.24,45.0,0.0,0.0,OK
120130,357.1,0.0,52.484046,-1.889295,6,0.0,280.24,45.0,0.0,0.0,OK
121175,357.1,0.0,52.484046,-1.889295,6,0.0,280.24,45.0,0.0,0.0,OK
122220,357.1,0.0,52.484046,-1.889295,6,0.0,280.24,45.0,0.0,0.0,OK
123265,357.0,0.0,52.484046,-1.889295,6,0.0,280.24,45.0,0.0,0.0,OK
124310,357.0,0.48,52.484046,-1.889295,6,0.0,280.24,45.0,0.0,0.0,OK
125355,357.0,0.48,52.484046,-1.889295,6,0.0,280.24,45.0,0.0,0.0,OK
126400,357.1,0.48,52.484046,-1.889295,6,0.0,280.24,45.0,0.0,0.0,OK
127445,357.5,0.48,52.484046,-1.889295,6,0.0,280.24,45.0,0.0,0.0,OK
128490,357.0,0.48,52.484046,-1.889295,6,0.0,280.24,45.0,0.0,0.0,OK
129535,357.0,0.0,52.484046,-1.889295,6,0.0,280.24,45.0,0.0,0.0,OK
130580,357.0,0.0,52.484046,-1.889295,6,0.0,280.24,45.0,0.0,0.0,OK
131625,356.0,0.0,52.484046,-1.889295,6,0.0,280.24,45.0,0.0,0.0,OK
132670,356.6,0.0,52.484046,-1.889295,6,0.0,280.24,45.0,0.0,0.0,OK
133715,356.1,0.0,52.484046,-1.889295,6,0.0,280.24,45.0,0.0,0.0,OK
134760,357.0,0.0,52.484046,-1.889295,6,0.0,280.24,45.0,0.0,0.0,OK
135805,357.0,0.0,52.484046,-1.889295,6,0.0,280.24,45.0,0.0,0.0,OK
136850,356.9,0.0,52.484046,-1.889295,6,0.0,280.24,45.0,0.0,0.0,OK
137895,356.9,0.0,52.484046,-1.889295,6,0.0,280.24,45.0,0.0,0.0,OK
138940,356.8,0.0,52.484046,-1.889295,6,0.0,280.24,45.0,0.0,0.0,OK
139985,356.8,0.0,52.484046,-1.889295,6,0.0,280.24,45.0,0.0,0.0,OK
141030,356.8,0.0,52.484046,-1.889295,5,0.0,280.24,45.0,0.0,0.0,OK
142075,356.8,0.0,52.484046,-1.889295,5,0.0,280.24,45.0,0.0,0.0,OK
143120,356.8,0.0,52.484046,-1.889295,6,0.0,280.24,45.0,0.0,0.0,OK
144165,319.8,0.0,52.484046,-1.889295,6,0.0,280.24,45.0,0.0,0.0,OK
145210,314.8,0.0,52.484046,-1.889295,6,0.0,280.24,45.0,2.0,2.0,OK
146255,314.8,0.0,52.484046,-1.889295,6,0.0,280.24,45.0,2.0,2.0,OK
147300,314.8,0.0,52.484046,-1.889295,6,0.0,280.24,45.0,2.0,2.0,OK
148345,314.8,0.0,52.484046,-1.889295,6,0.0,280.24,45.0,2.0,2.0,OK
149390,314.8,0.0,52.484046,-1.889295,6,0.0,280.24,45.0,2.0,2.0,OK
150435,314.8,0.0,52.484046,-1.889295,6,0.0,280.24,45.0,2.0,2.0,OK
151480,314.8,0.0,52.484046,-1.889295,6,0.0,280.24,45.0,2.0,2.0,OK
152525,314.8,0.0,52.484046,-1.889295,6,0.0,280.24,45.0,2.0,2.0,OK
153570,314.8,0.0,52.484046,-1.889295,6,0.0,280.24,45.0,2.0,2.0,OK
154615,314.8,0.0,52.484046,-1.889295,6,0.0,280.24,45.0,2.0,2.0,OK
155660,314.8,0.0,52.484046,-1.889295,6,0.0,280.24,45.0,2.0,2.0,OK
156705,314.8,0.0,52.484046,-1.889295,6,0.0,280.24,45.0,2.0,2.0,OK
157750,314.6,0.0,52.484046,-1.889295,6,0.0,280.24,45.0,2.0,2.0,OK
158795,314.7,0.0,52.484046,-1.889295,6,0.0,280.24,45.0,2.0,2.0,OK
159840,314.7,0.0,52.484046,-1.889295,6,0.0,280.24,45.0,2.0,2.0,OK
160885,314.7,0.0,52.484046,-1.889295,6,0.0,280.24,45.0,2.0,2.0,OK
161930,314.7,0.0,52.484046,-1.889295,6,0.0,280.24,45.0,2.0,2.0,OK
162975,315.0,0.0,52.484046,-1.889295,6,0.0,280.24,45.0,0.0,0.0,OK
164020,314.7,0.0,52.484046,-1.889295,6,0.0,280.24,45.0,2.0,2.0,OK
165065,314.7,0.0,52.484046,-1.889295,6,0.0,280.24,45.0,2.0,2.0,OK
166110,314.8,0.0,52.484046,-1.889295,6,0.0,280.24,45.0,2.0,2.0,OK
167155,314.8,0.0,52.484046,-1.889295,7,0.0,280.24,45.0,2.0,2.0,OK
168200,314.9,0.0,52.484046,-1.889295,6,0.0,280.24,45.0,2.0,2.0,OK
169245,316.5,0.0,52.484046,-1.889295,6,0.0,280.24,45.0,0.0,0.0,OK
170290,316.4,0.0,52.484046,-1.889295,7,0.0,280.24,45.0,0.0,0.0,OK
171335,316.5,0.0,52.484046,-1.889295,7,0.0,280.24,45.0,0.0,0.0,OK
172380,316.5,0.0,52.484046,-1.889295,7,0.0,280.24,45.0,0.0,0.0,OK
173425,320.5,0.0,52.484046,-1.889295,7,0.0,280.24,45.0,0.0,0.0,OK
174470,6.5,0.0,52.484046,-1.889295,7,0.0,280.24,45.0,0.0,0.0,OK
175515,32.5,0.0,52.484046,-1.889295,7,0.0,280.24,45.0,0.0,0.0,OK
176560,34.5,0.0,52.484046,-1.889295,7,0.0,280.24,45.0,0.0,0.0,OK
177605,34.5,0.0,52.484046,-1.889295,7,0.0,280.24,45.0,0.0,0.0,OK
178650,34.5,0.0,52.484046,-1.889295,7,0.0,280.24,45.0,0.0,0.0,OK
179695,34.4,0.0,52.484046,-1.889295,7,0.0,280.24,45.0,0.0,0.0,OK
180740,34.4,0.0,52.484046,-1.889295,7,0.0,280.24,45.0,0.0,0.0,OK
181785,34.4,0.0,52.484046,-1.889295,7,0.0,280.24,45.0,0.0,0.0,OK
182830,34.3,0.0,52.484046,-1.889295,7,0.0,280.24,45.0,0.0,0.0,OK
183875,34.3,0.0,52.484046,-1.889295,7,0.0,280.24,45.0,0.0,0.0,OK
184920,34.3,0.0,52.484046,-1.889295,7,0.0,280.24,45.0,0.0,0.0,OK
185965,34.3,0.0,52.484046,-1.889295,7,0.0,280.24,45.0,0.0,0.0,OK
187010,34.3,0.0,52.484046,-1.889295,7,0.0,280.24,45.0,0.0,0.0,OK
188055,34.3,0.0,52.484046,-1.889295,7,0.0,280.24,45.0,0.0,0.0,OK
189100,34.3,0.0,52.484046,-1.889295,7,0.0,280.24,45.0,0.0,0.0,OK
190145,33.3,0.0,52.484046,-1.889295,7,0.0,280.24,45.0,0.0,0.0,OK
191190,31.2,0.0,52.484046,-1.889295,7,0.0,280.24,45.0,0.0,0.0,OK
192235,30.2,0.0,52.484046,-1.889295,7,0.0,280.24,45.0,0.0,0.0,OK
193280,30.2,0.0,52.484046,-1.889295,7,0.0,280.24,45.0,0.0,0.0,OK
194325,29.0,0.0,52.484046,-1.889295,7,0.0,280.24,45.0,0.0,0.0,OK
195370,28.1,0.0,52.484046,-1.889295,7,0.0,280.24,45.0,0.0,0.0,OK
196415,27.1,0.0,52.484046,-1.889295,7,0.0,280.24,45.0,0.0,0.0,OK
197460,27.0,0.0,52.484046,-1.889295,7,0.0,280.24,45.0,0.0,0.0,OK
198505,27.0,0.0,52.484046,-1.889295,7,0.0,280.24,45.0,0.0,0.0,OK
199550,27.0,0.0,52.484046,-1.889295,7,0.0,280.24,45.0,0.0,0.0,OK
200595,26.7,0.0,52.484046,-1.889295,7,0.0,280.24,45.0,0.0,0.0,OK
201640,26.7,0.0,52.484046,-1.889295,7,0.0,280.24,45.0,0.0,0.0,OK
202685,26.6,0.0,52.484046,-1.889295,7,0.0,280.24,45.0,0.0,0.0,OK
203730,302.6,0.0,52.484046,-1.889295,7,0.0,280.24,45.0,26.0,26.0,OK
204775,171.7,0.0,52.484046,-1.889295,7,0.0,280.24,45.0,180.0,180.0,OK
205820,326.4,0.0,52.484046,-1.889295,7,0.0,280.24,45.0,0.0,0.0,OK
206865,333.6,0.0,52.484046,-1.889295,7,0.0,280.24,45.0,0.0,0.0,OK
207910,337.5,0.0,52.484046,-1.889295,7,0.0,280.24,45.0,0.0,0.0,OK
208955,347.5,0.0,52.484046,-1.889295,7,0.0,280.24,45.0,0.0,0.0,OK
210000,348.5,0.48,52.484046,-1.889295,7,0.0,280.24,45.0,0.0,0.0,OK
211045,2.5,0.48,52.484046,-1.889295,7,0.0,280.24,45.0,0.0,0.0,OK
212090,75.5,0.48,52.484046,-1.889295,7,0.0,280.24,45.0,60.0,60.0,OK
213135,90.5,0.48,52.484046,-1.889295,7,0.0,280.24,45.0,90.0,90.0,OK
214180,102.5,0.48,52.484046,-1.889295,7,0.0,280.24,45.0,114.0,114.0,OK
215225,102.5,0.96,52.484046,-1.889295,7,0.0,280.24,45.0,114.0,114.0,OK
216270,102.5,0.96,52.484046,-1.889295,7,0.0,280.24,45.0,114.0,114.0,OK
217315,102.5,0.96,52.484046,-1.889295,7,0.0,280.24,45.0,114.0,114.0,OK
218360,102.5,0.96,52.484046,-1.889295,7,0.0,280.24,45.0,114.0,114.0,OK
219405,102.5,0.96,52.484046,-1.889295,7,0.0,280.24,45.0,114.0,114.0,OK
220450,102.5,1.92,52.484046,-1.889295,7,0.0,280.24,45.0,114.0,114.0,OK
221495,101.9,1.92,52.484046,-1.889295,7,0.0,280.24,45.0,112.0,112.0,OK
222540,99.5,1.92,52.484046,-1.889295,7,0.0,280.24,45.0,108.0,108.0,OK
223585,103.9,1.92,52.484046,-1.889295,7,0.0,280.24,45.0,116.0,116.0,OK
224630,121.2,1.92,52.484046,-1.889295,7,0.0,280.24,45.0,152.0,152.0,OK
225675,125.0,1.92,52.484046,-1.889295,7,0.0,280.24,45.0,160.0,160.0,OK
226720,133.0,1.92,52.484046,-1.889295,7,0.0,280.24,45.0,176.0,176.0,OK
329130,26.1,2.88,52.483943,-1.88929,7,0.0,287.45,45.0,0.0,0.0,OK
330175,343.0,2.88,52.48394,-1.889278,7,3.33,107.68,45.0,0.0,0.0,OK
331220,349.9,2.88,52.483943,-1.889267,7,3.2,134.84,45.0,0.0,0.0,OK
332265,338.7,2.88,52.483947,-1.889253,7,3.85,134.68,45.0,0.0,0.0,OK
333310,325.9,2.88,52.483943,-1.889245,7,3.44,151.15,45.0,0.0,0.0,OK
334355,302.7,2.88,52.483947,-1.88924,7,2.61,150.07,45.0,26.0,26.0,OK
335400,303.9,3.36,52.483947,-1.889235,7,2.06,154.67,45.0,24.0,24.0,OK
336445,302.2,3.36,52.483951,-1.88923,7,1.8,151.13,45.0,26.0,26.0,OK
337490,301.0,3.36,52.483951,-1.889225,7,0.0,162.32,45.0,28.0,28.0,OK
338535,291.6,3.36,52.483951,-1.889215,7,0.0,163.8,45.0,48.0,48.0,OK
339580,267.5,2.4,52.483951,-1.889202,7,2.5,161.57,135.0,96.0,96.0,OK
340625,265.1,2.4,52.483947,-1.889202,7,2.26,183.41,135.0,100.0,100.0,OK
341670,260.1,2.4,52.483943,-1.8892,7,2.15,191.23,45.0,110.0,110.0,OK
342715,259.2,2.4,52.48394,-1.8892,7,2.28,221.71,45.0,112.0,112.0,OK
343760,254.1,2.4,52.483936,-1.889192,7,2.17,172.3,45.0,118.0,122.0,OK
344805,257.6,2.88,52.483932,-1.889192,7,1.83,173.01,45.0,116.0,116.0,OK
345850,265.1,2.88,52.483928,-1.889178,7,1.96,126.64,45.0,100.0,100.0,OK
346895,269.9,2.88,52.483928,-1.889172,7,1.65,133.35,45.0,92.0,92.0,OK
347940,280.8,2.88,52.483924,-1.889168,7,0.0,127.38,135.0,70.0,70.0,OK
348985,261.0,2.88,52.483924,-1.889172,6,0.0,158.51,135.0,108.0,108.0,OK
350030,297.8,2.4,52.483924,-1.889172,6,0.0,141.39,125.0,36.0,36.0,OK
351075,304.7,2.4,52.483924,-1.889172,7,0.0,141.39,45.0,22.0,22.0,OK
352120,297.5,2.4,52.483924,-1.889172,7,0.0,141.39,45.0,36.0,36.0,OK
353165,299.6,2.4,52.483924,-1.889172,7,0.0,141.39,45.0,32.0,32.0,OK
354210,305.2,2.4,52.483924,-1.889172,7,0.0,141.39,45.0,20.0,20.0,OK
355255,311.0,1.44,52.483924,-1.889172,7,0.0,141.39,45.0,8.0,8.0,OK
356300,311.2,1.44,52.483924,-1.889172,7,0.0,141.39,45.0,8.0,8.0,OK
357345,296.6,1.44,52.483924,-1.889172,7,0.0,141.39,45.0,38.0,38.0,OK
358390,300.5,1.44,52.483917,-1.88917,7,3.69,186.01,45.0,30.0,30.0,OK
359435,312.2,1.44,52.483909,-1.889172,7,3.59,183.79,45.0,6.0,6.0,OK
360480,322.3,1.92,52.483901,-1.889173,7,3.15,174.26,45.0,0.0,0.0,OK
361525,326.7,1.92,52.483898,-1.889175,7,3.28,178.42,45.0,0.0,0.0,OK
362570,314.9,1.92,52.483886,-1.889177,7,3.3,173.73,45.0,2.0,2.0,OK
363615,275.7,1.92,52.483882,-1.889177,7,3.35,176.61,135.0,80.0,80.0,OK
364660,257.3,2.88,52.483875,-1.88918,7,1.8,196.48,135.0,116.0,116.0,OK
365705,251.0,2.88,52.483871,-1.889187,7,2.02,224.96,135.0,128.0,128.0,OK
366750,277.0,2.88,52.483867,-1.889197,7,2.52,223.98,135.0,76.0,76.0,OK
367795,293.1,2.88,52.48386,-1.889203,7,3.96,204.94,45.0,44.0,44.0,OK
368840,298.2,2.88,52.483848,-1.88921,7,3.78,203.91,45.0,34.0,34.0,OK
369885,302.2,2.88,52.48384,-1.889217,7,4.06,198.61,45.0,26.0,26.0,OK
370930,297.2,2.88,52.483833,-1.889222,6,3.94,202.68,45.0,36.0,36.0,OK
371975,257.4,2.88,52.483829,-1.889228,7,3.37,210.5,135.0,116.0,116.0,OK
373020,247.9,2.88,52.483821,-1.889237,7,3.69,230.83,135.0,136.0,136.0,OK
374065,243.9,2.88,52.483814,-1.889265,7,3.87,234.59,135.0,144.0,144.0,OK
375110,267.2,2.4,52.483806,-1.88928,7,4.11,241.17,135.0,96.0,96.0,OK
376155,300.3,2.4,52.483798,-1.889292,7,3.98,230.16,45.0,30.0,30.0,OK
377200,319.7,2.4,52.483787,-1.8893,7,4.63,201.75,45.0,0.0,0.0,OK
378245,313.7,2.4,52.483779,-1.889313,7,5.0,198.48,135.0,4.0,4.0,OK
379290,266.9,2.4,52.483772,-1.88933,7,4.2,223.48,135.0,98.0,98.0,OK
380335,245.5,3.36,52.483768,-1.889347,7,4.13,227.56,135.0,140.0,140.0,OK
381380,252.1,3.36,52.483764,-1.889363,7,4.39,242.47,135.0,126.0,126.0,OK
382425,286.9,3.36,52.483757,-1.889382,7,3.98,244.83,135.0,58.0,58.0,OK
383470,308.4,3.36,52.483753,-1.8894,7,4.26,218.02,45.0,14.0,14.0,OK
384515,316.3,3.36,52.483745,-1.889415,7,4.26,222.05,45.0,0.0,0.0,OK
385560,286.9,3.36,52.483737,-1.889432,7,4.59,224.97,135.0,58.0,58.0,OK
386605,269.0,3.36,52.483734,-1.88945,7,4.7,243.59,135.0,92.0,92.0,OK
387650,278.4,3.36,52.48373,-1.889468,7,4.19,238.33,135.0,74.0,74.0,OK
388695,284.2,3.36,52.483726,-1.889488,7,3.74,261.39,135.0,62.0,62.0,OK
389740,270.7,3.84,52.483726,-1.889508,7,4.32,260.69,135.0,90.0,90.0,OK
390785,250.3,3.84,52.483726,-1.88953,7,4.35,255.25,135.0,130.0,130.0,OK
391830,221.7,3.84,52.483726,-1.88955,7,5.0,249.38,135.0,180.0,180.0,OK
392875,221.7,3.84,52.483722,-1.889568,7,3.89,257.31,135.0,180.0,180.0,OK
393920,224.7,3.84,52.483726,-1.889587,7,5.0,311.63,135.0,180.0,180.0,OK
394965,236.2,3.36,52.48373,-1.889602,7,3.94,265.52,135.0,158.0,158.0,OK
396010,242.3,3.36,52.48373,-1.889617,7,3.2,251.3,135.0,146.0,146.0,OK
397055,250.4,3.36,52.48373,-1.889635,7,3.91,254.7,135.0,130.0,130.0,OK
398100,236.1,3.36,52.48373,-1.889655,7,3.72,274.85,135.0,154.0,158.0,OK
399145,211.0,3.36,52.483737,-1.88968,7,3.94,273.04,135.0,180.0,180.0,OK
400190,195.8,3.36,52.483745,-1.88972,7,3.87,306.79,129.86,180.0,180.0,OK
401235,182.4,3.36,52.483745,-1.889738,7,4.76,278.92,130.02,180.0,180.0,OK
402280,185.6,3.36,52.483749,-1.889757,7,3.59,288.7,129.7,180.0,180.0,OK
403325,204.0,3.36,52.483749,-1.889773,7,4.11,284.42,135.0,180.0,180.0,OK
404370,221.6,3.36,52.483749,-1.889792,7,3.83,291.89,135.0,180.0,180.0,OK
405415,220.3,2.88,52.483749,-1.889807,7,3.33,290.33,135.0,180.0,180.0,OK
406460,212.0,2.88,52.483749,-1.889823,7,3.33,290.33,135.0,180.0,180.0,OK
407505,184.9,2.88,52.483749,-1.889837,7,3.89,284.24,118.76,180.0,180.0,OK
408550,185.7,2.88,52.483741,-1.889847,6,4.67,323.01,122.65,180.0,180.0,OK
409595,211.8,2.88,52.483737,-1.889867,6,4.63,316.06,135.0,180.0,180.0,OK
410640,220.8,3.36,52.483734,-1.88988,7,3.39,285.01,135.0,180.0,180.0,OK
411685,228.5,3.36,52.483737,-1.889897,7,3.39,285.01,108.75,174.0,174.0,OK
412730,240.8,3.36,52.483734,-1.889903,7,3.28,279.84,100.69,150.0,150.0,OK
413775,244.7,3.36,52.483726,-1.889903,7,2.06,268.72,95.41,142.0,142.0,OK
414820,236.6,2.88,52.483726,-1.889903,7,1.8,242.51,91.36,158.0,158.0,OK
415865,236.2,2.88,52.483726,-1.889897,7,0.0,290.8,102.97,158.0,158.0,OK
416910,236.0,2.88,52.483722,-1.889897,7,0.0,25.9,73.0,158.0,158.0,OK
417955,236.0,2.88,52.483722,-1.889897,7,0.0,25.9,73.0,158.0,158.0,OK
419000,236.0,2.88,52.483722,-1.889897,7,0.0,25.9,73.0,158.0,158.0,OK
420045,236.0,1.92,52.483722,-1.889897,7,0.0,25.9,73.0,158.0,158.0,OK
421090,236.0,1.92,52.483722,-1.889897,7,0.0,25.9,73.0,158.0,158.0,OK
422135,236.0,1.92,52.483722,-1.889897,7,0.0,25.9,73.0,158.0,158.0,OK
423180,236.0,1.92,52.483722,-1.889897,7,0.0,25.9,73.0,158.0,158.0,OK
424225,236.0,1.92,52.483722,-1.889897,7,0.0,25.9,73.0,158.0,158.0,OK
425270,236.0,1.44,52.483722,-1.889897,7,0.0,25.9,73.0,158.0,158.0,OK
426315,236.0,1.44,52.483722,-1.889897,7,0.0,25.9,73.0,158.0,158.0,OK
427360,236.0,1.44,52.483722,-1.889897,7,0.0,25.9,73.0,158.0,158.0,OK
428405,236.0,1.44,52.483722,-1.889897,7,0.0,25.9,73.0,158.0,158.0,OK
429450,236.0,1.44,52.483722,-1.889897,7,0.0,25.9,73.0,158.0,158.0,OK
430495,236.0,0.96,52.483722,-1.889897,7,0.0,25.9,73.0,158.0,158.0,OK
431540,236.0,0.96,52.483722,-1.889897,7,0.0,25.9,73.0,158.0,158.0,OK
432585,236.0,0.96,52.483722,-1.889897,7,0.0,25.9,73.0,158.0,158.0,OK
433630,236.0,0.96,52.483722,-1.889897,8,0.0,25.9,73.0,158.0,158.0,OK
434675,236.0,0.96,52.483722,-1.889897,8,0.0,25.9,73.0,158.0,158.0,OK
435720,236.0,0.48,52.483722,-1.889897,8,0.0,25.9,73.0,158.0,158.0,OK
436765,236.0,0.48,52.483722,-1.889897,8,0.0,25.9,73.0,158.0,158.0,OK
437810,236.0,0.48,52.483722,-1.889897,8,0.0,25.9,73.0,158.0,158.0,OK
438855,236.0,0.48,52.483722,-1.889897,8,0.0,25.9,73.0,158.0,158.0,OK
439900,236.0,0.48,52.483722,-1.889897,8,0.0,25.9,73.0,158.0,158.0,OK
440945,236.0,0.0,52.483722,-1.889897,8,0.0,25.9,73.0,158.0,158.0,OK
441990,236.0,0.0,52.483722,-1.889897,8,0.0,25.9,73.0,158.0,158.0,OK
443035,236.0,0.0,52.483722,-1.889897,8,0.0,25.9,73.0,158.0,158.0,OK
444080,236.0,0.0,52.483722,-1.889897,8,0.0,25.9,73.0,158.0,158.0,OK
445125,236.0,0.0,52.483722,-1.889897,8,0.0,25.9,73.0,158.0,158.0,OK
446170,236.0,0.0,52.483722,-1.889897,8,0.0,25.9,73.0,158.0,158.0,OK
447215,236.0,0.0,52.483722,-1.889897,8,0.0,25.9,73.0,158.0,158.0,OK
448260,236.0,0.0,52.483722,-1.889897,8,0.0,25.9,73.0,158.0,158.0,OK
449305,236.0,0.0,52.483722,-1.889897,8,0.0,25.9,73.0,158.0,158.0,OK
450350,236.0,0.0,52.483722,-1.889897,8,0.0,25.9,73.0,158.0,158.0,OK
451395,236.0,0.0,52.483722,-1.889897,8,0.0,25.9,73.0,158.0,158.0,OK
452440,236.0,0.0,52.483722,-1.889897,8,0.0,25.9,73.0,158.0,158.0,OK
453485,236.0,0.0,52.483722,-1.889897,8,0.0,25.9,73.0,158.0,158.0,OK
454530,236.0,0.0,52.483722,-1.889897,8,0.0,25.9,73.0,158.0,158.0,OK
455575,236.0,0.0,52.483722,-1.889897,8,0.0,25.9,73.0,158.0,158.0,OK
456620,236.0,0.0,52.483722,-1.889897,8,0.0,25.9,73.0,158.0,158.0,OK
457665,236.0,0.0,52.483722,-1.889897,8,0.0,25.9,73.0,158.0,158.0,OK
458710,236.0,0.0,52.483722,-1.889897,8,0.0,25.9,73.0,158.0,158.0,OK
459755,236.0,0.0,52.483722,-1.889897,8,0.0,25.9,73.0,158.0,158.0,OK
460800,236.0,0.0,52.483722,-1.889897,8,0.0,25.9,73.0,158.0,158.0,OK
461845,236.0,0.0,52.483722,-1.889897,8,0.0,25.9,73.0,158.0,158.0,OK
462890,236.0,0.0,52.483722,-1.889897,8,0.0,25.9,73.0,158.0,158.0,OK
463935,236.0,0.0,52.483722,-1.889897,8,0.0,25.9,73.0,158.0,158.0,OK
464980,236.0,0.0,52.483722,-1.889897,8,0.0,25.9,73.0,158.0,158.0,OK
466025,236.0,0.0,52.483722,-1.889897,7,0.0,25.9,73.0,158.0,158.0,OK
467070,236.0,0.0,52.483722,-1.889897,8,0.0,25.9,73.0,158.0,158.0,OK
468115,236.0,0.0,52.483722,-1.889897,8,0.0,25.9,73.0,158.0,158.0,OK
469160,236.0,0.0,52.483722,-1.889897,8,0.0,25.9,73.0,158.0,158.0,OK
470205,236.0,0.0,52.483722,-1.889897,8,0.0,25.9,73.0,158.0,158.0,OK
471250,236.0,0.0,52.483722,-1.889897,8,0.0,25.9,73.0,158.0,158.0,OK
472295,236.0,0.0,52.483722,-1.889897,8,0.0,25.9,73.0,158.0,158.0,OK
473340,236.0,0.0,52.483722,-1.889897,8,0.0,25.9,73.0,158.0,158.0,OK
474385,236.0,0.0,52.483722,-1.889897,8,0.0,25.9,73.0,158.0,158.0,OK
475430,236.0,0.0,52.483722,-1.889897,8,0.0,25.9,73.0,158.0,158.0,OK
477520,236.0,0.0,52.483722,-1.889897,9,0.0,25.9,45.0,158.0,158.0,OK
478565,236.0,0.0,52.483722,-1.889897,9,0.0,25.9,45.0,158.0,158.0,OK
479610,232.5,0.0,52.483722,-1.889897,9,0.0,25.9,45.0,166.0,166.0,OK
480655,245.6,0.0,52.483722,-1.889897,9,0.0,25.9,45.0,140.0,140.0,OK
481700,237.5,0.0,52.483722,-1.889897,9,0.0,25.9,135.0,150.0,156.0,OK
482745,198.8,0.0,52.483722,-1.889897,9,0.0,25.9,135.0,180.0,180.0,OK
483790,182.0,0.0,52.483722,-1.889897,9,0.0,25.9,135.0,180.0,180.0,OK
484835,176.1,0.0,52.483722,-1.889897,8,0.0,25.9,135.0,180.0,180.0,OK
485880,209.5,0.0,52.483722,-1.889897,8,0.0,25.9,135.0,180.0,180.0,OK
486925,211.0,3.84,52.483722,-1.889897,9,0.0,25.9,135.0,180.0,180.0,OK